amine,carboxylic acid,product,conversion,gt,pred,prob
Nc1c(F)c(F)c(-c2c(F)c(F)c(F)c(F)c2F)c(F)c1F,C=CC1CC1(NC(=O)OC(C)(C)C)C(=O)O,C=CC1CC1(NC(=O)OC(C)(C)C)C(=O)Nc1c(F)c(F)c(-c2c(F)c(F)c(F)c(F)c2F)c(F)c1F,0,0,0,0.10240223
OC(c1cc(C(F)(F)F)cc(C(F)(F)F)c1)(c1cc(C(F)(F)F)cc(C(F)(F)F)c1)C1CCCN1,C=CC1CC1(NC(=O)OC(C)(C)C)C(=O)O,C=CC1CC1(NC(=O)OC(C)(C)C)C(=O)N1CCCC1C(O)(c1cc(C(F)(F)F)cc(C(F)(F)F)c1)c1cc(C(F)(F)F)cc(C(F)(F)F)c1,12.8,0,0,0.37486514
CC(Oc1cc(Br)cnc1N)c1c(Cl)ccc(F)c1Cl,C=CC1CC1(NC(=O)OC(C)(C)C)C(=O)O,C=CC1CC1(NC(=O)OC(C)(C)C)C(=O)Nc1ncc(Br)cc1OC(C)c1c(Cl)ccc(F)c1Cl,0,0,0,0.06456953
CC(NC(C)c1ccccc1)c1ccccc1,C=CC1CC1(NC(=O)OC(C)(C)C)C(=O)O,C=CC1CC1(NC(=O)OC(C)(C)C)C(=O)N(C(C)c1ccccc1)C(C)c1ccccc1,0,0,0,0.2404162
Nc1ccccc1-c1nc2ccccc2[nH]1,C=CC1CC1(NC(=O)OC(C)(C)C)C(=O)O,C=CC1CC1(NC(=O)OC(C)(C)C)C(=O)Nc1ccccc1-c1nc2ccccc2[nH]1,13.7,0,0,0.47379288
NN(Cc1ccccc1)c1ccccc1,C=CC1CC1(NC(=O)OC(C)(C)C)C(=O)O,C=CC1CC1(NC(=O)OC(C)(C)C)C(=O)NN(Cc1ccccc1)c1ccccc1,0,0,0,0.4621478
c1ccc2sc(N3CCNCC3)nc2c1,C=CC1CC1(NC(=O)OC(C)(C)C)C(=O)O,C=CC1CC1(NC(=O)OC(C)(C)C)C(=O)N1CCN(c2nc3ccccc3s2)CC1,97,1,1,0.820668
Nc1cc(-c2ccccc2)c(O)c(-c2ccccc2)c1,C=CC1CC1(NC(=O)OC(C)(C)C)C(=O)O,C=CC1CC1(NC(=O)OC(C)(C)C)C(=O)Nc1cc(-c2ccccc2)c(O)c(-c2ccccc2)c1,80,1,1,0.5679822
C=C(C)C(=O)OC1CC(C)(C)NC(C)(C)C1,C=CC1CC1(NC(=O)OC(C)(C)C)C(=O)O,C=CC1CC1(NC(=O)OC(C)(C)C)C(=O)N1C(C)(C)CC(OC(=O)C(=C)C)CC1(C)C,0,0,0,0.0789475
C1=Cc2ccccc2NCc2ccccc21,C=CC1CC1(NC(=O)OC(C)(C)C)C(=O)O,C=CC1CC1(NC(=O)OC(C)(C)C)C(=O)N1Cc2ccccc2C=Cc2ccccc21,0,0,0,0.2105476
Nc1ccccc1C(=O)Oc1ccc([N+](=O)[O-])cc1,C=CC1CC1(NC(=O)OC(C)(C)C)C(=O)O,C=CC1CC1(NC(=O)OC(C)(C)C)C(=O)Nc1ccccc1C(=O)Oc1ccc([N+](=O)[O-])cc1,0,0,0,0.21537428
Cc1onc(N)c1C,C=CC1CC1(NC(=O)OC(C)(C)C)C(=O)O,C=CC1CC1(NC(=O)OC(C)(C)C)C(=O)Nc1noc(C)c1C,0,0,0,0.12572703
Nc1ccccc1C#Cc1ccccc1,C=CC1CC1(NC(=O)OC(C)(C)C)C(=O)O,C=CC1CC1(NC(=O)OC(C)(C)C)C(=O)Nc1ccccc1C#Cc1ccccc1,17.7,0,0,0.3462696
CCOc1cc(N)c(Cl)cc1C(=O)NCC1CN(Cc2ccc(F)cc2)CCO1,C=CC1CC1(NC(=O)OC(C)(C)C)C(=O)O,C=CC1CC1(NC(=O)OC(C)(C)C)C(=O)Nc1cc(OCC)c(C(=O)NCC2CN(Cc3ccc(F)cc3)CCO2)cc1Cl,0,0,0,0.11997339
OC(c1ccccc1)(c1ccccc1)C1CCCN1,C=CC1CC1(NC(=O)OC(C)(C)C)C(=O)O,C=CC1CC1(NC(=O)OC(C)(C)C)C(=O)N1CCCC1C(O)(c1ccccc1)c1ccccc1,0,0,1,0.5195597
C1CCC(NC2CCCCC2)CC1,C=CC1CC1(NC(=O)OC(C)(C)C)C(=O)O,C=CC1CC1(NC(=O)OC(C)(C)C)C(=O)N(C1CCCCC1)C1CCCCC1,0,0,0,0.18653023
COc1cccc(Nc2ccccc2)c1,C=CC1CC1(NC(=O)OC(C)(C)C)C(=O)O,C=CC1CC1(NC(=O)OC(C)(C)C)C(=O)N(c1ccccc1)c1cccc(OC)c1,0,0,0,0.16307922
Clc1ccc2c(c1)CCc1cccnc1C2=C1CCNCC1,C=CC1CC1(NC(=O)OC(C)(C)C)C(=O)O,C=CC1CC1(NC(=O)OC(C)(C)C)C(=O)N1CCC(=C2c3ccc(Cl)cc3CCc3cccnc32)CC1,64.1,1,1,0.69130534
COc1cccc(C(N)=S)c1,C=CC1CC1(NC(=O)OC(C)(C)C)C(=O)O,C=CC1CC1(NC(=O)OC(C)(C)C)C(=O)NC(=S)c1cccc(OC)c1,0,0,0,0.128578
CC(N)c1ccccc1Br,C=CC1CC1(NC(=O)OC(C)(C)C)C(=O)O,C=CC1CC1(NC(=O)OC(C)(C)C)C(=O)NC(C)c1ccccc1Br,0,0,1,0.5504531
Nc1c(F)c(F)c(-c2c(F)c(F)c(F)c(F)c2F)c(F)c1F,CC(C)(C)OC(=O)NCC(=O)NCC(=O)NCC(=O)O,CC(C)(C)OC(=O)NCC(=O)NCC(=O)NCC(=O)Nc1c(F)c(F)c(-c2c(F)c(F)c(F)c(F)c2F)c(F)c1F,0,0,0,0.12975506
OC(c1cc(C(F)(F)F)cc(C(F)(F)F)c1)(c1cc(C(F)(F)F)cc(C(F)(F)F)c1)C1CCCN1,CC(C)(C)OC(=O)NCC(=O)NCC(=O)NCC(=O)O,CC(C)(C)OC(=O)NCC(=O)NCC(=O)NCC(=O)N1CCCC1C(O)(c1cc(C(F)(F)F)cc(C(F)(F)F)c1)c1cc(C(F)(F)F)cc(C(F)(F)F)c1,68.4,1,0,0.3036919
CC(Oc1cc(Br)cnc1N)c1c(Cl)ccc(F)c1Cl,CC(C)(C)OC(=O)NCC(=O)NCC(=O)NCC(=O)O,CC(Oc1cc(Br)cnc1NC(=O)CNC(=O)CNC(=O)CNC(=O)OC(C)(C)C)c1c(Cl)ccc(F)c1Cl,0,0,0,0.08300638
CC(NC(C)c1ccccc1)c1ccccc1,CC(C)(C)OC(=O)NCC(=O)NCC(=O)NCC(=O)O,CC(c1ccccc1)N(C(=O)CNC(=O)CNC(=O)CNC(=O)OC(C)(C)C)C(C)c1ccccc1,0,0,0,0.26177263
Nc1ccccc1-c1nc2ccccc2[nH]1,CC(C)(C)OC(=O)NCC(=O)NCC(=O)NCC(=O)O,CC(C)(C)OC(=O)NCC(=O)NCC(=O)NCC(=O)Nc1ccccc1-c1nc2ccccc2[nH]1,94.8,1,1,0.6947668
NN(Cc1ccccc1)c1ccccc1,CC(C)(C)OC(=O)NCC(=O)NCC(=O)NCC(=O)O,CC(C)(C)OC(=O)NCC(=O)NCC(=O)NCC(=O)NN(Cc1ccccc1)c1ccccc1,84.8,1,1,0.6469113
c1ccc2sc(N3CCNCC3)nc2c1,CC(C)(C)OC(=O)NCC(=O)NCC(=O)NCC(=O)O,CC(C)(C)OC(=O)NCC(=O)NCC(=O)NCC(=O)N1CCN(c2nc3ccccc3s2)CC1,94.3,1,1,0.78612196
Nc1cc(-c2ccccc2)c(O)c(-c2ccccc2)c1,CC(C)(C)OC(=O)NCC(=O)NCC(=O)NCC(=O)O,CC(C)(C)OC(=O)NCC(=O)NCC(=O)NCC(=O)Nc1cc(-c2ccccc2)c(O)c(-c2ccccc2)c1,90.8,1,1,0.7495997
C=C(C)C(=O)OC1CC(C)(C)NC(C)(C)C1,CC(C)(C)OC(=O)NCC(=O)NCC(=O)NCC(=O)O,C=C(C)C(=O)OC1CC(C)(C)N(C(=O)CNC(=O)CNC(=O)CNC(=O)OC(C)(C)C)C(C)(C)C1,0,0,0,0.07758277
C1=Cc2ccccc2NCc2ccccc21,CC(C)(C)OC(=O)NCC(=O)NCC(=O)NCC(=O)O,CC(C)(C)OC(=O)NCC(=O)NCC(=O)NCC(=O)N1Cc2ccccc2C=Cc2ccccc21,0,0,0,0.27319577
Nc1ccccc1C(=O)Oc1ccc([N+](=O)[O-])cc1,CC(C)(C)OC(=O)NCC(=O)NCC(=O)NCC(=O)O,CC(C)(C)OC(=O)NCC(=O)NCC(=O)NCC(=O)Nc1ccccc1C(=O)Oc1ccc([N+](=O)[O-])cc1,0,0,0,0.25600117
Cc1onc(N)c1C,CC(C)(C)OC(=O)NCC(=O)NCC(=O)NCC(=O)O,Cc1onc(NC(=O)CNC(=O)CNC(=O)CNC(=O)OC(C)(C)C)c1C,0,0,0,0.22180937
Nc1ccccc1C#Cc1ccccc1,CC(C)(C)OC(=O)NCC(=O)NCC(=O)NCC(=O)O,CC(C)(C)OC(=O)NCC(=O)NCC(=O)NCC(=O)Nc1ccccc1C#Cc1ccccc1,86.8,1,0,0.45816222
CCOc1cc(N)c(Cl)cc1C(=O)NCC1CN(Cc2ccc(F)cc2)CCO1,CC(C)(C)OC(=O)NCC(=O)NCC(=O)NCC(=O)O,CCOc1cc(NC(=O)CNC(=O)CNC(=O)CNC(=O)OC(C)(C)C)c(Cl)cc1C(=O)NCC1CN(Cc2ccc(F)cc2)CCO1,0,0,0,0.1128412
OC(c1ccccc1)(c1ccccc1)C1CCCN1,CC(C)(C)OC(=O)NCC(=O)NCC(=O)NCC(=O)O,CC(C)(C)OC(=O)NCC(=O)NCC(=O)NCC(=O)N1CCCC1C(O)(c1ccccc1)c1ccccc1,100,1,0,0.4192795
C1CCC(NC2CCCCC2)CC1,CC(C)(C)OC(=O)NCC(=O)NCC(=O)NCC(=O)O,CC(C)(C)OC(=O)NCC(=O)NCC(=O)NCC(=O)N(C1CCCCC1)C1CCCCC1,0,0,0,0.38615897
COc1cccc(Nc2ccccc2)c1,CC(C)(C)OC(=O)NCC(=O)NCC(=O)NCC(=O)O,COc1cccc(N(C(=O)CNC(=O)CNC(=O)CNC(=O)OC(C)(C)C)c2ccccc2)c1,0,0,0,0.14590968
Clc1ccc2c(c1)CCc1cccnc1C2=C1CCNCC1,CC(C)(C)OC(=O)NCC(=O)NCC(=O)NCC(=O)O,CC(C)(C)OC(=O)NCC(=O)NCC(=O)NCC(=O)N1CCC(=C2c3ccc(Cl)cc3CCc3cccnc32)CC1,97.8,1,1,0.8064622
COc1cccc(C(N)=S)c1,CC(C)(C)OC(=O)NCC(=O)NCC(=O)NCC(=O)O,COc1cccc(C(=S)NC(=O)CNC(=O)CNC(=O)CNC(=O)OC(C)(C)C)c1,0,0,0,0.10522586
CC(N)c1ccccc1Br,CC(C)(C)OC(=O)NCC(=O)NCC(=O)NCC(=O)O,CC(NC(=O)CNC(=O)CNC(=O)CNC(=O)OC(C)(C)C)c1ccccc1Br,100,1,1,0.58469033
Nc1c(F)c(F)c(-c2c(F)c(F)c(F)c(F)c2F)c(F)c1F,CC(C)Cc1cc(C(=O)O)n(C)n1,CC(C)Cc1cc(C(=O)Nc2c(F)c(F)c(-c3c(F)c(F)c(F)c(F)c3F)c(F)c2F)n(C)n1,0,0,0,0.12869298
OC(c1cc(C(F)(F)F)cc(C(F)(F)F)c1)(c1cc(C(F)(F)F)cc(C(F)(F)F)c1)C1CCCN1,CC(C)Cc1cc(C(=O)O)n(C)n1,CC(C)Cc1cc(C(=O)N2CCCC2C(O)(c2cc(C(F)(F)F)cc(C(F)(F)F)c2)c2cc(C(F)(F)F)cc(C(F)(F)F)c2)n(C)n1,0,0,0,0.29040122
CC(Oc1cc(Br)cnc1N)c1c(Cl)ccc(F)c1Cl,CC(C)Cc1cc(C(=O)O)n(C)n1,CC(C)Cc1cc(C(=O)Nc2ncc(Br)cc2OC(C)c2c(Cl)ccc(F)c2Cl)n(C)n1,0,0,0,0.19879122
CC(NC(C)c1ccccc1)c1ccccc1,CC(C)Cc1cc(C(=O)O)n(C)n1,CC(C)Cc1cc(C(=O)N(C(C)c2ccccc2)C(C)c2ccccc2)n(C)n1,0,0,0,0.33836216
Nc1ccccc1-c1nc2ccccc2[nH]1,CC(C)Cc1cc(C(=O)O)n(C)n1,CC(C)Cc1cc(C(=O)Nc2ccccc2-c2nc3ccccc3[nH]2)n(C)n1,31.3,1,1,0.6173194
NN(Cc1ccccc1)c1ccccc1,CC(C)Cc1cc(C(=O)O)n(C)n1,CC(C)Cc1cc(C(=O)NN(Cc2ccccc2)c2ccccc2)n(C)n1,80.3,1,1,0.5183154
c1ccc2sc(N3CCNCC3)nc2c1,CC(C)Cc1cc(C(=O)O)n(C)n1,CC(C)Cc1cc(C(=O)N2CCN(c3nc4ccccc4s3)CC2)n(C)n1,94.8,1,1,0.7498093
Nc1cc(-c2ccccc2)c(O)c(-c2ccccc2)c1,CC(C)Cc1cc(C(=O)O)n(C)n1,CC(C)Cc1cc(C(=O)Nc2cc(-c3ccccc3)c(O)c(-c3ccccc3)c2)n(C)n1,96.7,1,1,0.67790556
C=C(C)C(=O)OC1CC(C)(C)NC(C)(C)C1,CC(C)Cc1cc(C(=O)O)n(C)n1,C=C(C)C(=O)OC1CC(C)(C)N(C(=O)c2cc(CC(C)C)nn2C)C(C)(C)C1,0,0,0,0.19788592
C1=Cc2ccccc2NCc2ccccc21,CC(C)Cc1cc(C(=O)O)n(C)n1,CC(C)Cc1cc(C(=O)N2Cc3ccccc3C=Cc3ccccc32)n(C)n1,0,0,0,0.33428514
Nc1ccccc1C(=O)Oc1ccc([N+](=O)[O-])cc1,CC(C)Cc1cc(C(=O)O)n(C)n1,CC(C)Cc1cc(C(=O)Nc2ccccc2C(=O)Oc2ccc([N+](=O)[O-])cc2)n(C)n1,0,0,0,0.360969
Cc1onc(N)c1C,CC(C)Cc1cc(C(=O)O)n(C)n1,Cc1onc(NC(=O)c2cc(CC(C)C)nn2C)c1C,0,0,0,0.29380986
Nc1ccccc1C#Cc1ccccc1,CC(C)Cc1cc(C(=O)O)n(C)n1,CC(C)Cc1cc(C(=O)Nc2ccccc2C#Cc2ccccc2)n(C)n1,11.8,0,0,0.49139145
CCOc1cc(N)c(Cl)cc1C(=O)NCC1CN(Cc2ccc(F)cc2)CCO1,CC(C)Cc1cc(C(=O)O)n(C)n1,CCOc1cc(NC(=O)c2cc(CC(C)C)nn2C)c(Cl)cc1C(=O)NCC1CN(Cc2ccc(F)cc2)CCO1,0,0,0,0.20352969
OC(c1ccccc1)(c1ccccc1)C1CCCN1,CC(C)Cc1cc(C(=O)O)n(C)n1,CC(C)Cc1cc(C(=O)N2CCCC2C(O)(c2ccccc2)c2ccccc2)n(C)n1,34.2,1,0,0.39058265
C1CCC(NC2CCCCC2)CC1,CC(C)Cc1cc(C(=O)O)n(C)n1,CC(C)Cc1cc(C(=O)N(C2CCCCC2)C2CCCCC2)n(C)n1,0,0,0,0.34378666
COc1cccc(Nc2ccccc2)c1,CC(C)Cc1cc(C(=O)O)n(C)n1,COc1cccc(N(C(=O)c2cc(CC(C)C)nn2C)c2ccccc2)c1,0,0,0,0.23567376
Clc1ccc2c(c1)CCc1cccnc1C2=C1CCNCC1,CC(C)Cc1cc(C(=O)O)n(C)n1,CC(C)Cc1cc(C(=O)N2CCC(=C3c4ccc(Cl)cc4CCc4cccnc43)CC2)n(C)n1,87.6,1,1,0.6977171
COc1cccc(C(N)=S)c1,CC(C)Cc1cc(C(=O)O)n(C)n1,COc1cccc(C(=S)NC(=O)c2cc(CC(C)C)nn2C)c1,0,0,0,0.32095665
CC(N)c1ccccc1Br,CC(C)Cc1cc(C(=O)O)n(C)n1,CC(C)Cc1cc(C(=O)NC(C)c2ccccc2Br)n(C)n1,63.5,1,1,0.61536044
Nc1c(F)c(F)c(-c2c(F)c(F)c(F)c(F)c2F)c(F)c1F,COc1ccc(/C=C/C(=O)Nc2ccccc2C(=O)O)cc1OC,COc1ccc(/C=C/C(=O)Nc2ccccc2C(=O)Nc2c(F)c(F)c(-c3c(F)c(F)c(F)c(F)c3F)c(F)c2F)cc1OC,0,0,0,0.027704535
OC(c1cc(C(F)(F)F)cc(C(F)(F)F)c1)(c1cc(C(F)(F)F)cc(C(F)(F)F)c1)C1CCCN1,COc1ccc(/C=C/C(=O)Nc2ccccc2C(=O)O)cc1OC,COc1ccc(/C=C/C(=O)Nc2ccccc2C(=O)N2CCCC2C(O)(c2cc(C(F)(F)F)cc(C(F)(F)F)c2)c2cc(C(F)(F)F)cc(C(F)(F)F)c2)cc1OC,0,0,0,0.29953328
CC(Oc1cc(Br)cnc1N)c1c(Cl)ccc(F)c1Cl,COc1ccc(/C=C/C(=O)Nc2ccccc2C(=O)O)cc1OC,COc1ccc(/C=C/C(=O)Nc2ccccc2C(=O)Nc2ncc(Br)cc2OC(C)c2c(Cl)ccc(F)c2Cl)cc1OC,0,0,0,0.071740635
CC(NC(C)c1ccccc1)c1ccccc1,COc1ccc(/C=C/C(=O)Nc2ccccc2C(=O)O)cc1OC,COc1ccc(/C=C/C(=O)Nc2ccccc2C(=O)N(C(C)c2ccccc2)C(C)c2ccccc2)cc1OC,0,0,0,0.2767395
Nc1ccccc1-c1nc2ccccc2[nH]1,COc1ccc(/C=C/C(=O)Nc2ccccc2C(=O)O)cc1OC,COc1ccc(/C=C/C(=O)Nc2ccccc2C(=O)Nc2ccccc2-c2nc3ccccc3[nH]2)cc1OC,0,0,0,0.48506045
NN(Cc1ccccc1)c1ccccc1,COc1ccc(/C=C/C(=O)Nc2ccccc2C(=O)O)cc1OC,COc1ccc(/C=C/C(=O)Nc2ccccc2C(=O)NN(Cc2ccccc2)c2ccccc2)cc1OC,0,0,0,0.35930878
c1ccc2sc(N3CCNCC3)nc2c1,COc1ccc(/C=C/C(=O)Nc2ccccc2C(=O)O)cc1OC,COc1ccc(/C=C/C(=O)Nc2ccccc2C(=O)N2CCN(c3nc4ccccc4s3)CC2)cc1OC,5.6,0,1,0.6742685
Nc1cc(-c2ccccc2)c(O)c(-c2ccccc2)c1,COc1ccc(/C=C/C(=O)Nc2ccccc2C(=O)O)cc1OC,COc1ccc(/C=C/C(=O)Nc2ccccc2C(=O)Nc2cc(-c3ccccc3)c(O)c(-c3ccccc3)c2)cc1OC,0,0,1,0.6967363
C=C(C)C(=O)OC1CC(C)(C)NC(C)(C)C1,COc1ccc(/C=C/C(=O)Nc2ccccc2C(=O)O)cc1OC,C=C(C)C(=O)OC1CC(C)(C)N(C(=O)c2ccccc2NC(=O)/C=C/c2ccc(OC)c(OC)c2)C(C)(C)C1,0,0,0,0.07783225
C1=Cc2ccccc2NCc2ccccc21,COc1ccc(/C=C/C(=O)Nc2ccccc2C(=O)O)cc1OC,COc1ccc(C=CC(=O)Nc2ccccc2C(=O)N2Cc3ccccc3C=Cc3ccccc32)cc1OC,0,0,0,0.10672088
Nc1ccccc1C(=O)Oc1ccc([N+](=O)[O-])cc1,COc1ccc(/C=C/C(=O)Nc2ccccc2C(=O)O)cc1OC,COc1ccc(/C=C/C(=O)Nc2ccccc2C(=O)Nc2ccccc2C(=O)Oc2ccc([N+](=O)[O-])cc2)cc1OC,0,0,0,0.2580284
Cc1onc(N)c1C,COc1ccc(/C=C/C(=O)Nc2ccccc2C(=O)O)cc1OC,COc1ccc(/C=C/C(=O)Nc2ccccc2C(=O)Nc2noc(C)c2C)cc1OC,0,0,0,0.10089415
Nc1ccccc1C#Cc1ccccc1,COc1ccc(/C=C/C(=O)Nc2ccccc2C(=O)O)cc1OC,COc1ccc(/C=C/C(=O)Nc2ccccc2C(=O)Nc2ccccc2C#Cc2ccccc2)cc1OC,0,0,0,0.24388458
CCOc1cc(N)c(Cl)cc1C(=O)NCC1CN(Cc2ccc(F)cc2)CCO1,COc1ccc(/C=C/C(=O)Nc2ccccc2C(=O)O)cc1OC,CCOc1cc(NC(=O)c2ccccc2NC(=O)/C=C/c2ccc(OC)c(OC)c2)c(Cl)cc1C(=O)NCC1CN(Cc2ccc(F)cc2)CCO1,0,0,0,0.024401527
OC(c1ccccc1)(c1ccccc1)C1CCCN1,COc1ccc(/C=C/C(=O)Nc2ccccc2C(=O)O)cc1OC,COc1ccc(/C=C/C(=O)Nc2ccccc2C(=O)N2CCCC2C(O)(c2ccccc2)c2ccccc2)cc1OC,0,0,0,0.43855855
C1CCC(NC2CCCCC2)CC1,COc1ccc(/C=C/C(=O)Nc2ccccc2C(=O)O)cc1OC,COc1ccc(/C=C/C(=O)Nc2ccccc2C(=O)N(C2CCCCC2)C2CCCCC2)cc1OC,0,0,0,0.24451673
COc1cccc(Nc2ccccc2)c1,COc1ccc(/C=C/C(=O)Nc2ccccc2C(=O)O)cc1OC,COc1cccc(N(C(=O)c2ccccc2NC(=O)/C=C/c2ccc(OC)c(OC)c2)c2ccccc2)c1,0,0,0,0.13276422
Clc1ccc2c(c1)CCc1cccnc1C2=C1CCNCC1,COc1ccc(/C=C/C(=O)Nc2ccccc2C(=O)O)cc1OC,COc1ccc(/C=C/C(=O)Nc2ccccc2C(=O)N2CCC(=C3c4ccc(Cl)cc4CCc4cccnc43)CC2)cc1OC,0,0,0,0.45773873
COc1cccc(C(N)=S)c1,COc1ccc(/C=C/C(=O)Nc2ccccc2C(=O)O)cc1OC,COc1cccc(C(=S)NC(=O)c2ccccc2NC(=O)/C=C/c2ccc(OC)c(OC)c2)c1,0,0,0,0.18322071
CC(N)c1ccccc1Br,COc1ccc(/C=C/C(=O)Nc2ccccc2C(=O)O)cc1OC,COc1ccc(/C=C/C(=O)Nc2ccccc2C(=O)NC(C)c2ccccc2Br)cc1OC,0,0,1,0.7742012
Nc1c(F)c(F)c(-c2c(F)c(F)c(F)c(F)c2F)c(F)c1F,O=C(O)c1cn2cc(Br)ncc2n1,O=C(Nc1c(F)c(F)c(-c2c(F)c(F)c(F)c(F)c2F)c(F)c1F)c1cn2cc(Br)ncc2n1,0,0,0,0.07115133
OC(c1cc(C(F)(F)F)cc(C(F)(F)F)c1)(c1cc(C(F)(F)F)cc(C(F)(F)F)c1)C1CCCN1,O=C(O)c1cn2cc(Br)ncc2n1,O=C(c1cn2cc(Br)ncc2n1)N1CCCC1C(O)(c1cc(C(F)(F)F)cc(C(F)(F)F)c1)c1cc(C(F)(F)F)cc(C(F)(F)F)c1,100,1,0,0.20359455
CC(Oc1cc(Br)cnc1N)c1c(Cl)ccc(F)c1Cl,O=C(O)c1cn2cc(Br)ncc2n1,CC(Oc1cc(Br)cnc1NC(=O)c1cn2cc(Br)ncc2n1)c1c(Cl)ccc(F)c1Cl,0,0,0,0.119781405
CC(NC(C)c1ccccc1)c1ccccc1,O=C(O)c1cn2cc(Br)ncc2n1,CC(c1ccccc1)N(C(=O)c1cn2cc(Br)ncc2n1)C(C)c1ccccc1,0,0,0,0.24449337
Nc1ccccc1-c1nc2ccccc2[nH]1,O=C(O)c1cn2cc(Br)ncc2n1,O=C(Nc1ccccc1-c1nc2ccccc2[nH]1)c1cn2cc(Br)ncc2n1,55.3,1,1,0.5084815
NN(Cc1ccccc1)c1ccccc1,O=C(O)c1cn2cc(Br)ncc2n1,O=C(NN(Cc1ccccc1)c1ccccc1)c1cn2cc(Br)ncc2n1,100,1,0,0.382256
c1ccc2sc(N3CCNCC3)nc2c1,O=C(O)c1cn2cc(Br)ncc2n1,O=C(c1cn2cc(Br)ncc2n1)N1CCN(c2nc3ccccc3s2)CC1,100,1,1,0.6422806
Nc1cc(-c2ccccc2)c(O)c(-c2ccccc2)c1,O=C(O)c1cn2cc(Br)ncc2n1,O=C(Nc1cc(-c2ccccc2)c(O)c(-c2ccccc2)c1)c1cn2cc(Br)ncc2n1,100,1,1,0.5553719
C=C(C)C(=O)OC1CC(C)(C)NC(C)(C)C1,O=C(O)c1cn2cc(Br)ncc2n1,C=C(C)C(=O)OC1CC(C)(C)N(C(=O)c2cn3cc(Br)ncc3n2)C(C)(C)C1,0,0,0,0.14294443
C1=Cc2ccccc2NCc2ccccc21,O=C(O)c1cn2cc(Br)ncc2n1,O=C(c1cn2cc(Br)ncc2n1)N1Cc2ccccc2C=Cc2ccccc21,41.3,1,0,0.2484626
Nc1ccccc1C(=O)Oc1ccc([N+](=O)[O-])cc1,O=C(O)c1cn2cc(Br)ncc2n1,O=C(Nc1ccccc1C(=O)Oc1ccc([N+](=O)[O-])cc1)c1cn2cc(Br)ncc2n1,0,0,0,0.22850642
Cc1onc(N)c1C,O=C(O)c1cn2cc(Br)ncc2n1,Cc1onc(NC(=O)c2cn3cc(Br)ncc3n2)c1C,0,0,0,0.221157
Nc1ccccc1C#Cc1ccccc1,O=C(O)c1cn2cc(Br)ncc2n1,O=C(Nc1ccccc1C#Cc1ccccc1)c1cn2cc(Br)ncc2n1,82.85,1,0,0.36039513
CCOc1cc(N)c(Cl)cc1C(=O)NCC1CN(Cc2ccc(F)cc2)CCO1,O=C(O)c1cn2cc(Br)ncc2n1,CCOc1cc(NC(=O)c2cn3cc(Br)ncc3n2)c(Cl)cc1C(=O)NCC1CN(Cc2ccc(F)cc2)CCO1,0,0,0,0.13663687
OC(c1ccccc1)(c1ccccc1)C1CCCN1,O=C(O)c1cn2cc(Br)ncc2n1,O=C(c1cn2cc(Br)ncc2n1)N1CCCC1C(O)(c1ccccc1)c1ccccc1,0,0,0,0.29209828
C1CCC(NC2CCCCC2)CC1,O=C(O)c1cn2cc(Br)ncc2n1,O=C(c1cn2cc(Br)ncc2n1)N(C1CCCCC1)C1CCCCC1,4.6,0,0,0.20774874
COc1cccc(Nc2ccccc2)c1,O=C(O)c1cn2cc(Br)ncc2n1,COc1cccc(N(C(=O)c2cn3cc(Br)ncc3n2)c2ccccc2)c1,0,0,0,0.13095385
Clc1ccc2c(c1)CCc1cccnc1C2=C1CCNCC1,O=C(O)c1cn2cc(Br)ncc2n1,O=C(c1cn2cc(Br)ncc2n1)N1CCC(=C2c3ccc(Cl)cc3CCc3cccnc32)CC1,100,1,1,0.5644104
COc1cccc(C(N)=S)c1,O=C(O)c1cn2cc(Br)ncc2n1,COc1cccc(C(=S)NC(=O)c2cn3cc(Br)ncc3n2)c1,0,0,0,0.1910703
CC(N)c1ccccc1Br,O=C(O)c1cn2cc(Br)ncc2n1,CC(NC(=O)c1cn2cc(Br)ncc2n1)c1ccccc1Br,100,1,1,0.51659685
Nc1c(F)c(F)c(-c2c(F)c(F)c(F)c(F)c2F)c(F)c1F,O=C(O)c1ccnc(Cl)c1F,O=C(Nc1c(F)c(F)c(-c2c(F)c(F)c(F)c(F)c2F)c(F)c1F)c1ccnc(Cl)c1F,0,0,0,0.23563921
OC(c1cc(C(F)(F)F)cc(C(F)(F)F)c1)(c1cc(C(F)(F)F)cc(C(F)(F)F)c1)C1CCCN1,O=C(O)c1ccnc(Cl)c1F,O=C(c1ccnc(Cl)c1F)N1CCCC1C(O)(c1cc(C(F)(F)F)cc(C(F)(F)F)c1)c1cc(C(F)(F)F)cc(C(F)(F)F)c1,100,1,0,0.4982023
CC(Oc1cc(Br)cnc1N)c1c(Cl)ccc(F)c1Cl,O=C(O)c1ccnc(Cl)c1F,CC(Oc1cc(Br)cnc1NC(=O)c1ccnc(Cl)c1F)c1c(Cl)ccc(F)c1Cl,0,0,0,0.30704856
CC(NC(C)c1ccccc1)c1ccccc1,O=C(O)c1ccnc(Cl)c1F,CC(c1ccccc1)N(C(=O)c1ccnc(Cl)c1F)C(C)c1ccccc1,0,0,1,0.55918944
Nc1ccccc1-c1nc2ccccc2[nH]1,O=C(O)c1ccnc(Cl)c1F,O=C(Nc1ccccc1-c1nc2ccccc2[nH]1)c1ccnc(Cl)c1F,95.26,1,1,0.70439124
NN(Cc1ccccc1)c1ccccc1,O=C(O)c1ccnc(Cl)c1F,O=C(NN(Cc1ccccc1)c1ccccc1)c1ccnc(Cl)c1F,55.24,1,1,0.67549086
c1ccc2sc(N3CCNCC3)nc2c1,O=C(O)c1ccnc(Cl)c1F,O=C(c1ccnc(Cl)c1F)N1CCN(c2nc3ccccc3s2)CC1,87.66,1,1,0.94325227
Nc1cc(-c2ccccc2)c(O)c(-c2ccccc2)c1,O=C(O)c1ccnc(Cl)c1F,O=C(Nc1cc(-c2ccccc2)c(O)c(-c2ccccc2)c1)c1ccnc(Cl)c1F,47.24,1,1,0.8416597
C=C(C)C(=O)OC1CC(C)(C)NC(C)(C)C1,O=C(O)c1ccnc(Cl)c1F,C=C(C)C(=O)OC1CC(C)(C)N(C(=O)c2ccnc(Cl)c2F)C(C)(C)C1,0,0,0,0.32899147
C1=Cc2ccccc2NCc2ccccc21,O=C(O)c1ccnc(Cl)c1F,O=C(c1ccnc(Cl)c1F)N1Cc2ccccc2C=Cc2ccccc21,0,0,0,0.3909356
Nc1ccccc1C(=O)Oc1ccc([N+](=O)[O-])cc1,O=C(O)c1ccnc(Cl)c1F,O=C(Oc1ccc([N+](=O)[O-])cc1)c1ccccc1NC(=O)c1ccnc(Cl)c1F,0,0,0,0.4306164
Cc1onc(N)c1C,O=C(O)c1ccnc(Cl)c1F,Cc1onc(NC(=O)c2ccnc(Cl)c2F)c1C,0,0,0,0.38213238
Nc1ccccc1C#Cc1ccccc1,O=C(O)c1ccnc(Cl)c1F,O=C(Nc1ccccc1C#Cc1ccccc1)c1ccnc(Cl)c1F,48.2,1,1,0.5776734
CCOc1cc(N)c(Cl)cc1C(=O)NCC1CN(Cc2ccc(F)cc2)CCO1,O=C(O)c1ccnc(Cl)c1F,CCOc1cc(NC(=O)c2ccnc(Cl)c2F)c(Cl)cc1C(=O)NCC1CN(Cc2ccc(F)cc2)CCO1,0,0,0,0.2365796
OC(c1ccccc1)(c1ccccc1)C1CCCN1,O=C(O)c1ccnc(Cl)c1F,O=C(c1ccnc(Cl)c1F)N1CCCC1C(O)(c1ccccc1)c1ccccc1,0,0,1,0.59237754
C1CCC(NC2CCCCC2)CC1,O=C(O)c1ccnc(Cl)c1F,O=C(c1ccnc(Cl)c1F)N(C1CCCCC1)C1CCCCC1,0,0,0,0.4518063
COc1cccc(Nc2ccccc2)c1,O=C(O)c1ccnc(Cl)c1F,COc1cccc(N(C(=O)c2ccnc(Cl)c2F)c2ccccc2)c1,0,0,0,0.40463588
Clc1ccc2c(c1)CCc1cccnc1C2=C1CCNCC1,O=C(O)c1ccnc(Cl)c1F,O=C(c1ccnc(Cl)c1F)N1CCC(=C2c3ccc(Cl)cc3CCc3cccnc32)CC1,100,1,1,0.91385835
COc1cccc(C(N)=S)c1,O=C(O)c1ccnc(Cl)c1F,COc1cccc(C(=S)NC(=O)c2ccnc(Cl)c2F)c1,0,0,1,0.5061857
CC(N)c1ccccc1Br,O=C(O)c1ccnc(Cl)c1F,CC(NC(=O)c1ccnc(Cl)c1F)c1ccccc1Br,100,1,1,0.8611278
Nc1c(F)c(F)c(-c2c(F)c(F)c(F)c(F)c2F)c(F)c1F,Cc1c(C(=O)O)nnn1-c1ccc(C2CC2)cc1Cl,Cc1c(C(=O)Nc2c(F)c(F)c(-c3c(F)c(F)c(F)c(F)c3F)c(F)c2F)nnn1-c1ccc(C2CC2)cc1Cl,0,0,0,0.10315132
OC(c1cc(C(F)(F)F)cc(C(F)(F)F)c1)(c1cc(C(F)(F)F)cc(C(F)(F)F)c1)C1CCCN1,Cc1c(C(=O)O)nnn1-c1ccc(C2CC2)cc1Cl,Cc1c(C(=O)N2CCCC2C(O)(c2cc(C(F)(F)F)cc(C(F)(F)F)c2)c2cc(C(F)(F)F)cc(C(F)(F)F)c2)nnn1-c1ccc(C2CC2)cc1Cl,100,1,0,0.16608082
CC(Oc1cc(Br)cnc1N)c1c(Cl)ccc(F)c1Cl,Cc1c(C(=O)O)nnn1-c1ccc(C2CC2)cc1Cl,Cc1c(C(=O)Nc2ncc(Br)cc2OC(C)c2c(Cl)ccc(F)c2Cl)nnn1-c1ccc(C2CC2)cc1Cl,0,0,0,0.12363563
CC(NC(C)c1ccccc1)c1ccccc1,Cc1c(C(=O)O)nnn1-c1ccc(C2CC2)cc1Cl,Cc1c(C(=O)N(C(C)c2ccccc2)C(C)c2ccccc2)nnn1-c1ccc(C2CC2)cc1Cl,0,0,0,0.1945861
Nc1ccccc1-c1nc2ccccc2[nH]1,Cc1c(C(=O)O)nnn1-c1ccc(C2CC2)cc1Cl,Cc1c(C(=O)Nc2ccccc2-c2nc3ccccc3[nH]2)nnn1-c1ccc(C2CC2)cc1Cl,58.5,1,1,0.54250664
NN(Cc1ccccc1)c1ccccc1,Cc1c(C(=O)O)nnn1-c1ccc(C2CC2)cc1Cl,Cc1c(C(=O)NN(Cc2ccccc2)c2ccccc2)nnn1-c1ccc(C2CC2)cc1Cl,100,1,0,0.43092793
c1ccc2sc(N3CCNCC3)nc2c1,Cc1c(C(=O)O)nnn1-c1ccc(C2CC2)cc1Cl,Cc1c(C(=O)N2CCN(c3nc4ccccc4s3)CC2)nnn1-c1ccc(C2CC2)cc1Cl,93.6,1,1,0.5421533
Nc1cc(-c2ccccc2)c(O)c(-c2ccccc2)c1,Cc1c(C(=O)O)nnn1-c1ccc(C2CC2)cc1Cl,Cc1c(C(=O)Nc2cc(-c3ccccc3)c(O)c(-c3ccccc3)c2)nnn1-c1ccc(C2CC2)cc1Cl,87.8,1,0,0.48674315
C=C(C)C(=O)OC1CC(C)(C)NC(C)(C)C1,Cc1c(C(=O)O)nnn1-c1ccc(C2CC2)cc1Cl,C=C(C)C(=O)OC1CC(C)(C)N(C(=O)c2nnn(-c3ccc(C4CC4)cc3Cl)c2C)C(C)(C)C1,0,0,0,0.10664248
C1=Cc2ccccc2NCc2ccccc21,Cc1c(C(=O)O)nnn1-c1ccc(C2CC2)cc1Cl,Cc1c(C(=O)N2Cc3ccccc3C=Cc3ccccc32)nnn1-c1ccc(C2CC2)cc1Cl,14.4,0,0,0.1747232
Nc1ccccc1C(=O)Oc1ccc([N+](=O)[O-])cc1,Cc1c(C(=O)O)nnn1-c1ccc(C2CC2)cc1Cl,Cc1c(C(=O)Nc2ccccc2C(=O)Oc2ccc([N+](=O)[O-])cc2)nnn1-c1ccc(C2CC2)cc1Cl,0,0,0,0.24286468
Cc1onc(N)c1C,Cc1c(C(=O)O)nnn1-c1ccc(C2CC2)cc1Cl,Cc1onc(NC(=O)c2nnn(-c3ccc(C4CC4)cc3Cl)c2C)c1C,0,0,0,0.23579521
Nc1ccccc1C#Cc1ccccc1,Cc1c(C(=O)O)nnn1-c1ccc(C2CC2)cc1Cl,Cc1c(C(=O)Nc2ccccc2C#Cc2ccccc2)nnn1-c1ccc(C2CC2)cc1Cl,76.58,1,0,0.36983153
CCOc1cc(N)c(Cl)cc1C(=O)NCC1CN(Cc2ccc(F)cc2)CCO1,Cc1c(C(=O)O)nnn1-c1ccc(C2CC2)cc1Cl,CCOc1cc(NC(=O)c2nnn(-c3ccc(C4CC4)cc3Cl)c2C)c(Cl)cc1C(=O)NCC1CN(Cc2ccc(F)cc2)CCO1,0,0,0,0.15149853
OC(c1ccccc1)(c1ccccc1)C1CCCN1,Cc1c(C(=O)O)nnn1-c1ccc(C2CC2)cc1Cl,Cc1c(C(=O)N2CCCC2C(O)(c2ccccc2)c2ccccc2)nnn1-c1ccc(C2CC2)cc1Cl,0,0,0,0.22975424
C1CCC(NC2CCCCC2)CC1,Cc1c(C(=O)O)nnn1-c1ccc(C2CC2)cc1Cl,Cc1c(C(=O)N(C2CCCCC2)C2CCCCC2)nnn1-c1ccc(C2CC2)cc1Cl,0,0,0,0.15643251
COc1cccc(Nc2ccccc2)c1,Cc1c(C(=O)O)nnn1-c1ccc(C2CC2)cc1Cl,COc1cccc(N(C(=O)c2nnn(-c3ccc(C4CC4)cc3Cl)c2C)c2ccccc2)c1,0,0,0,0.14274769
Clc1ccc2c(c1)CCc1cccnc1C2=C1CCNCC1,Cc1c(C(=O)O)nnn1-c1ccc(C2CC2)cc1Cl,Cc1c(C(=O)N2CCC(=C3c4ccc(Cl)cc4CCc4cccnc43)CC2)nnn1-c1ccc(C2CC2)cc1Cl,92.7,1,1,0.56568277
COc1cccc(C(N)=S)c1,Cc1c(C(=O)O)nnn1-c1ccc(C2CC2)cc1Cl,COc1cccc(C(=S)NC(=O)c2nnn(-c3ccc(C4CC4)cc3Cl)c2C)c1,0,0,0,0.1849103
CC(N)c1ccccc1Br,Cc1c(C(=O)O)nnn1-c1ccc(C2CC2)cc1Cl,Cc1c(C(=O)NC(C)c2ccccc2Br)nnn1-c1ccc(C2CC2)cc1Cl,100,1,1,0.54583883
Nc1c(F)c(F)c(-c2c(F)c(F)c(F)c(F)c2F)c(F)c1F,CC(C)C1CCC(C(=O)NC(Cc2ccccc2)C(=O)O)CC1,CC(C)C1CCC(C(=O)NC(Cc2ccccc2)C(=O)Nc2c(F)c(F)c(-c3c(F)c(F)c(F)c(F)c3F)c(F)c2F)CC1,0,0,0,0.23238426
OC(c1cc(C(F)(F)F)cc(C(F)(F)F)c1)(c1cc(C(F)(F)F)cc(C(F)(F)F)c1)C1CCCN1,CC(C)C1CCC(C(=O)NC(Cc2ccccc2)C(=O)O)CC1,CC(C)C1CCC(C(=O)NC(Cc2ccccc2)C(=O)N2CCCC2C(O)(c2cc(C(F)(F)F)cc(C(F)(F)F)c2)c2cc(C(F)(F)F)cc(C(F)(F)F)c2)CC1,0,0,1,0.5389816
CC(Oc1cc(Br)cnc1N)c1c(Cl)ccc(F)c1Cl,CC(C)C1CCC(C(=O)NC(Cc2ccccc2)C(=O)O)CC1,CC(Oc1cc(Br)cnc1NC(=O)C(Cc1ccccc1)NC(=O)C1CCC(C(C)C)CC1)c1c(Cl)ccc(F)c1Cl,0,0,0,0.1628821
CC(NC(C)c1ccccc1)c1ccccc1,CC(C)C1CCC(C(=O)NC(Cc2ccccc2)C(=O)O)CC1,CC(C)C1CCC(C(=O)NC(Cc2ccccc2)C(=O)N(C(C)c2ccccc2)C(C)c2ccccc2)CC1,0,0,0,0.41213337
Nc1ccccc1-c1nc2ccccc2[nH]1,CC(C)C1CCC(C(=O)NC(Cc2ccccc2)C(=O)O)CC1,CC(C)C1CCC(C(=O)NC(Cc2ccccc2)C(=O)Nc2ccccc2-c2nc3ccccc3[nH]2)CC1,89.2,1,1,0.86131716
NN(Cc1ccccc1)c1ccccc1,CC(C)C1CCC(C(=O)NC(Cc2ccccc2)C(=O)O)CC1,CC(C)C1CCC(C(=O)NC(Cc2ccccc2)C(=O)NN(Cc2ccccc2)c2ccccc2)CC1,89.2,1,1,0.6572229
c1ccc2sc(N3CCNCC3)nc2c1,CC(C)C1CCC(C(=O)NC(Cc2ccccc2)C(=O)O)CC1,CC(C)C1CCC(C(=O)NC(Cc2ccccc2)C(=O)N2CCN(c3nc4ccccc4s3)CC2)CC1,100,1,1,0.86578566
Nc1cc(-c2ccccc2)c(O)c(-c2ccccc2)c1,CC(C)C1CCC(C(=O)NC(Cc2ccccc2)C(=O)O)CC1,CC(C)C1CCC(C(=O)NC(Cc2ccccc2)C(=O)Nc2cc(-c3ccccc3)c(O)c(-c3ccccc3)c2)CC1,96,1,1,0.91159415
C=C(C)C(=O)OC1CC(C)(C)NC(C)(C)C1,CC(C)C1CCC(C(=O)NC(Cc2ccccc2)C(=O)O)CC1,C=C(C)C(=O)OC1CC(C)(C)N(C(=O)C(Cc2ccccc2)NC(=O)C2CCC(C(C)C)CC2)C(C)(C)C1,0,0,0,0.108778544
C1=Cc2ccccc2NCc2ccccc21,CC(C)C1CCC(C(=O)NC(Cc2ccccc2)C(=O)O)CC1,CC(C)C1CCC(C(=O)NC(Cc2ccccc2)C(=O)N2Cc3ccccc3C=Cc3ccccc32)CC1,0,0,1,0.58371973
Nc1ccccc1C(=O)Oc1ccc([N+](=O)[O-])cc1,CC(C)C1CCC(C(=O)NC(Cc2ccccc2)C(=O)O)CC1,CC(C)C1CCC(C(=O)NC(Cc2ccccc2)C(=O)Nc2ccccc2C(=O)Oc2ccc([N+](=O)[O-])cc2)CC1,0,0,0,0.46717384
Cc1onc(N)c1C,CC(C)C1CCC(C(=O)NC(Cc2ccccc2)C(=O)O)CC1,Cc1onc(NC(=O)C(Cc2ccccc2)NC(=O)C2CCC(C(C)C)CC2)c1C,0,0,0,0.36645874
Nc1ccccc1C#Cc1ccccc1,CC(C)C1CCC(C(=O)NC(Cc2ccccc2)C(=O)O)CC1,CC(C)C1CCC(C(=O)NC(Cc2ccccc2)C(=O)Nc2ccccc2C#Cc2ccccc2)CC1,100,1,1,0.6604793
CCOc1cc(N)c(Cl)cc1C(=O)NCC1CN(Cc2ccc(F)cc2)CCO1,CC(C)C1CCC(C(=O)NC(Cc2ccccc2)C(=O)O)CC1,CCOc1cc(NC(=O)C(Cc2ccccc2)NC(=O)C2CCC(C(C)C)CC2)c(Cl)cc1C(=O)NCC1CN(Cc2ccc(F)cc2)CCO1,0,0,0,0.42245263
OC(c1ccccc1)(c1ccccc1)C1CCCN1,CC(C)C1CCC(C(=O)NC(Cc2ccccc2)C(=O)O)CC1,CC(C)C1CCC(C(=O)NC(Cc2ccccc2)C(=O)N2CCCC2C(O)(c2ccccc2)c2ccccc2)CC1,75.7,1,1,0.6746196
C1CCC(NC2CCCCC2)CC1,CC(C)C1CCC(C(=O)NC(Cc2ccccc2)C(=O)O)CC1,CC(C)C1CCC(C(=O)NC(Cc2ccccc2)C(=O)N(C2CCCCC2)C2CCCCC2)CC1,0,0,0,0.3599644
COc1cccc(Nc2ccccc2)c1,CC(C)C1CCC(C(=O)NC(Cc2ccccc2)C(=O)O)CC1,COc1cccc(N(C(=O)C(Cc2ccccc2)NC(=O)C2CCC(C(C)C)CC2)c2ccccc2)c1,0,0,0,0.20237656
Clc1ccc2c(c1)CCc1cccnc1C2=C1CCNCC1,CC(C)C1CCC(C(=O)NC(Cc2ccccc2)C(=O)O)CC1,CC(C)C1CCC(C(=O)NC(Cc2ccccc2)C(=O)N2CCC(=C3c4ccc(Cl)cc4CCc4cccnc43)CC2)CC1,100,1,1,0.8951033
COc1cccc(C(N)=S)c1,CC(C)C1CCC(C(=O)NC(Cc2ccccc2)C(=O)O)CC1,COc1cccc(C(=S)NC(=O)C(Cc2ccccc2)NC(=O)C2CCC(C(C)C)CC2)c1,0,0,0,0.19414242
CC(N)c1ccccc1Br,CC(C)C1CCC(C(=O)NC(Cc2ccccc2)C(=O)O)CC1,CC(NC(=O)C(Cc1ccccc1)NC(=O)C1CCC(C(C)C)CC1)c1ccccc1Br,80.4,1,1,0.65367615
Nc1c(F)c(F)c(-c2c(F)c(F)c(F)c(F)c2F)c(F)c1F,O=C(O)C(O)(c1ccccc1)C1CCCC1,O=C(Nc1c(F)c(F)c(-c2c(F)c(F)c(F)c(F)c2F)c(F)c1F)C(O)(c1ccccc1)C1CCCC1,0,0,0,0.059380043
OC(c1cc(C(F)(F)F)cc(C(F)(F)F)c1)(c1cc(C(F)(F)F)cc(C(F)(F)F)c1)C1CCCN1,O=C(O)C(O)(c1ccccc1)C1CCCC1,O=C(N1CCCC1C(O)(c1cc(C(F)(F)F)cc(C(F)(F)F)c1)c1cc(C(F)(F)F)cc(C(F)(F)F)c1)C(O)(c1ccccc1)C1CCCC1,0,0,0,0.20318241
CC(Oc1cc(Br)cnc1N)c1c(Cl)ccc(F)c1Cl,O=C(O)C(O)(c1ccccc1)C1CCCC1,CC(Oc1cc(Br)cnc1NC(=O)C(O)(c1ccccc1)C1CCCC1)c1c(Cl)ccc(F)c1Cl,0,0,0,0.05236979
CC(NC(C)c1ccccc1)c1ccccc1,O=C(O)C(O)(c1ccccc1)C1CCCC1,CC(c1ccccc1)N(C(=O)C(O)(c1ccccc1)C1CCCC1)C(C)c1ccccc1,0,0,0,0.14529236
Nc1ccccc1-c1nc2ccccc2[nH]1,O=C(O)C(O)(c1ccccc1)C1CCCC1,O=C(Nc1ccccc1-c1nc2ccccc2[nH]1)C(O)(c1ccccc1)C1CCCC1,0,0,0,0.37635788
NN(Cc1ccccc1)c1ccccc1,O=C(O)C(O)(c1ccccc1)C1CCCC1,O=C(NN(Cc1ccccc1)c1ccccc1)C(O)(c1ccccc1)C1CCCC1,0,0,0,0.28153732
c1ccc2sc(N3CCNCC3)nc2c1,O=C(O)C(O)(c1ccccc1)C1CCCC1,O=C(N1CCN(c2nc3ccccc3s2)CC1)C(O)(c1ccccc1)C1CCCC1,0,0,1,0.57740194
Nc1cc(-c2ccccc2)c(O)c(-c2ccccc2)c1,O=C(O)C(O)(c1ccccc1)C1CCCC1,O=C(Nc1cc(-c2ccccc2)c(O)c(-c2ccccc2)c1)C(O)(c1ccccc1)C1CCCC1,0,0,0,0.3942081
C=C(C)C(=O)OC1CC(C)(C)NC(C)(C)C1,O=C(O)C(O)(c1ccccc1)C1CCCC1,C=C(C)C(=O)OC1CC(C)(C)N(C(=O)C(O)(c2ccccc2)C2CCCC2)C(C)(C)C1,0,0,0,0.13730669
C1=Cc2ccccc2NCc2ccccc21,O=C(O)C(O)(c1ccccc1)C1CCCC1,O=C(N1Cc2ccccc2C=Cc2ccccc21)C(O)(c1ccccc1)C1CCCC1,0,0,0,0.19977541
Nc1ccccc1C(=O)Oc1ccc([N+](=O)[O-])cc1,O=C(O)C(O)(c1ccccc1)C1CCCC1,O=C(Oc1ccc([N+](=O)[O-])cc1)c1ccccc1NC(=O)C(O)(c1ccccc1)C1CCCC1,0,0,0,0.14052415
Cc1onc(N)c1C,O=C(O)C(O)(c1ccccc1)C1CCCC1,Cc1onc(NC(=O)C(O)(c2ccccc2)C2CCCC2)c1C,0,0,0,0.089403756
Nc1ccccc1C#Cc1ccccc1,O=C(O)C(O)(c1ccccc1)C1CCCC1,O=C(Nc1ccccc1C#Cc1ccccc1)C(O)(c1ccccc1)C1CCCC1,0,0,0,0.24192512
CCOc1cc(N)c(Cl)cc1C(=O)NCC1CN(Cc2ccc(F)cc2)CCO1,O=C(O)C(O)(c1ccccc1)C1CCCC1,CCOc1cc(NC(=O)C(O)(c2ccccc2)C2CCCC2)c(Cl)cc1C(=O)NCC1CN(Cc2ccc(F)cc2)CCO1,0,0,0,0.09636103
OC(c1ccccc1)(c1ccccc1)C1CCCN1,O=C(O)C(O)(c1ccccc1)C1CCCC1,O=C(N1CCCC1C(O)(c1ccccc1)c1ccccc1)C(O)(c1ccccc1)C1CCCC1,0,0,0,0.28242162
C1CCC(NC2CCCCC2)CC1,O=C(O)C(O)(c1ccccc1)C1CCCC1,O=C(N(C1CCCCC1)C1CCCCC1)C(O)(c1ccccc1)C1CCCC1,0,0,0,0.15161847
COc1cccc(Nc2ccccc2)c1,O=C(O)C(O)(c1ccccc1)C1CCCC1,COc1cccc(N(C(=O)C(O)(c2ccccc2)C2CCCC2)c2ccccc2)c1,0,0,0,0.051124845
Clc1ccc2c(c1)CCc1cccnc1C2=C1CCNCC1,O=C(O)C(O)(c1ccccc1)C1CCCC1,O=C(N1CCC(=C2c3ccc(Cl)cc3CCc3cccnc32)CC1)C(O)(c1ccccc1)C1CCCC1,0,0,0,0.4317609
COc1cccc(C(N)=S)c1,O=C(O)C(O)(c1ccccc1)C1CCCC1,COc1cccc(C(=S)NC(=O)C(O)(c2ccccc2)C2CCCC2)c1,0,0,0,0.068830855
CC(N)c1ccccc1Br,O=C(O)C(O)(c1ccccc1)C1CCCC1,CC(NC(=O)C(O)(c1ccccc1)C1CCCC1)c1ccccc1Br,0,0,0,0.35916865
Nc1c(F)c(F)c(-c2c(F)c(F)c(F)c(F)c2F)c(F)c1F,CC(C)(C)OC(=O)Nc1ccsc1C(=O)O,CC(C)(C)OC(=O)Nc1ccsc1C(=O)Nc1c(F)c(F)c(-c2c(F)c(F)c(F)c(F)c2F)c(F)c1F,0,0,0,0.067342885
OC(c1cc(C(F)(F)F)cc(C(F)(F)F)c1)(c1cc(C(F)(F)F)cc(C(F)(F)F)c1)C1CCCN1,CC(C)(C)OC(=O)Nc1ccsc1C(=O)O,CC(C)(C)OC(=O)Nc1ccsc1C(=O)N1CCCC1C(O)(c1cc(C(F)(F)F)cc(C(F)(F)F)c1)c1cc(C(F)(F)F)cc(C(F)(F)F)c1,73.2,1,0,0.4986774
CC(Oc1cc(Br)cnc1N)c1c(Cl)ccc(F)c1Cl,CC(C)(C)OC(=O)Nc1ccsc1C(=O)O,CC(Oc1cc(Br)cnc1NC(=O)c1sccc1NC(=O)OC(C)(C)C)c1c(Cl)ccc(F)c1Cl,0,0,0,0.22592917
CC(NC(C)c1ccccc1)c1ccccc1,CC(C)(C)OC(=O)Nc1ccsc1C(=O)O,CC(c1ccccc1)N(C(=O)c1sccc1NC(=O)OC(C)(C)C)C(C)c1ccccc1,0,0,0,0.4492621
Nc1ccccc1-c1nc2ccccc2[nH]1,CC(C)(C)OC(=O)Nc1ccsc1C(=O)O,CC(C)(C)OC(=O)Nc1ccsc1C(=O)Nc1ccccc1-c1nc2ccccc2[nH]1,0,0,1,0.6083451
NN(Cc1ccccc1)c1ccccc1,CC(C)(C)OC(=O)Nc1ccsc1C(=O)O,CC(C)(C)OC(=O)Nc1ccsc1C(=O)NN(Cc1ccccc1)c1ccccc1,0,0,0,0.46468943
c1ccc2sc(N3CCNCC3)nc2c1,CC(C)(C)OC(=O)Nc1ccsc1C(=O)O,CC(C)(C)OC(=O)Nc1ccsc1C(=O)N1CCN(c2nc3ccccc3s2)CC1,96,1,1,0.9074086
Nc1cc(-c2ccccc2)c(O)c(-c2ccccc2)c1,CC(C)(C)OC(=O)Nc1ccsc1C(=O)O,CC(C)(C)OC(=O)Nc1ccsc1C(=O)Nc1cc(-c2ccccc2)c(O)c(-c2ccccc2)c1,84.3,1,1,0.70881003
C=C(C)C(=O)OC1CC(C)(C)NC(C)(C)C1,CC(C)(C)OC(=O)Nc1ccsc1C(=O)O,C=C(C)C(=O)OC1CC(C)(C)N(C(=O)c2sccc2NC(=O)OC(C)(C)C)C(C)(C)C1,0,0,0,0.28309625
C1=Cc2ccccc2NCc2ccccc21,CC(C)(C)OC(=O)Nc1ccsc1C(=O)O,CC(C)(C)OC(=O)Nc1ccsc1C(=O)N1Cc2ccccc2C=Cc2ccccc21,0,0,0,0.3453994
Nc1ccccc1C(=O)Oc1ccc([N+](=O)[O-])cc1,CC(C)(C)OC(=O)Nc1ccsc1C(=O)O,CC(C)(C)OC(=O)Nc1ccsc1C(=O)Nc1ccccc1C(=O)Oc1ccc([N+](=O)[O-])cc1,0,0,0,0.28174046
Cc1onc(N)c1C,CC(C)(C)OC(=O)Nc1ccsc1C(=O)O,Cc1onc(NC(=O)c2sccc2NC(=O)OC(C)(C)C)c1C,0,0,0,0.30282664
Nc1ccccc1C#Cc1ccccc1,CC(C)(C)OC(=O)Nc1ccsc1C(=O)O,CC(C)(C)OC(=O)Nc1ccsc1C(=O)Nc1ccccc1C#Cc1ccccc1,0,0,0,0.3682359
CCOc1cc(N)c(Cl)cc1C(=O)NCC1CN(Cc2ccc(F)cc2)CCO1,CC(C)(C)OC(=O)Nc1ccsc1C(=O)O,CCOc1cc(NC(=O)c2sccc2NC(=O)OC(C)(C)C)c(Cl)cc1C(=O)NCC1CN(Cc2ccc(F)cc2)CCO1,0,0,0,0.09423896
OC(c1ccccc1)(c1ccccc1)C1CCCN1,CC(C)(C)OC(=O)Nc1ccsc1C(=O)O,CC(C)(C)OC(=O)Nc1ccsc1C(=O)N1CCCC1C(O)(c1ccccc1)c1ccccc1,26.5,1,1,0.6366711
C1CCC(NC2CCCCC2)CC1,CC(C)(C)OC(=O)Nc1ccsc1C(=O)O,CC(C)(C)OC(=O)Nc1ccsc1C(=O)N(C1CCCCC1)C1CCCCC1,0,0,0,0.3753587
COc1cccc(Nc2ccccc2)c1,CC(C)(C)OC(=O)Nc1ccsc1C(=O)O,COc1cccc(N(C(=O)c2sccc2NC(=O)OC(C)(C)C)c2ccccc2)c1,0,0,0,0.24979042
Clc1ccc2c(c1)CCc1cccnc1C2=C1CCNCC1,CC(C)(C)OC(=O)Nc1ccsc1C(=O)O,CC(C)(C)OC(=O)Nc1ccsc1C(=O)N1CCC(=C2c3ccc(Cl)cc3CCc3cccnc32)CC1,71.1,1,1,0.83410925
COc1cccc(C(N)=S)c1,CC(C)(C)OC(=O)Nc1ccsc1C(=O)O,COc1cccc(C(=S)NC(=O)c2sccc2NC(=O)OC(C)(C)C)c1,0,0,0,0.3423676
CC(N)c1ccccc1Br,CC(C)(C)OC(=O)Nc1ccsc1C(=O)O,CC(NC(=O)c1sccc1NC(=O)OC(C)(C)C)c1ccccc1Br,58.9,1,1,0.77381355
Nc1c(F)c(F)c(-c2c(F)c(F)c(F)c(F)c2F)c(F)c1F,O=C(O)c1ccccc1N1C(=O)c2ccccc2C1=O,O=C(Nc1c(F)c(F)c(-c2c(F)c(F)c(F)c(F)c2F)c(F)c1F)c1ccccc1N1C(=O)c2ccccc2C1=O,0,0,0,0.116345994
OC(c1cc(C(F)(F)F)cc(C(F)(F)F)c1)(c1cc(C(F)(F)F)cc(C(F)(F)F)c1)C1CCCN1,O=C(O)c1ccccc1N1C(=O)c2ccccc2C1=O,O=C1c2ccccc2C(=O)N1c1ccccc1C(=O)N1CCCC1C(O)(c1cc(C(F)(F)F)cc(C(F)(F)F)c1)c1cc(C(F)(F)F)cc(C(F)(F)F)c1,63.5,1,0,0.37526757
CC(Oc1cc(Br)cnc1N)c1c(Cl)ccc(F)c1Cl,O=C(O)c1ccccc1N1C(=O)c2ccccc2C1=O,CC(Oc1cc(Br)cnc1NC(=O)c1ccccc1N1C(=O)c2ccccc2C1=O)c1c(Cl)ccc(F)c1Cl,0,0,0,0.14198503
CC(NC(C)c1ccccc1)c1ccccc1,O=C(O)c1ccccc1N1C(=O)c2ccccc2C1=O,CC(c1ccccc1)N(C(=O)c1ccccc1N1C(=O)c2ccccc2C1=O)C(C)c1ccccc1,0,0,0,0.34096417
Nc1ccccc1-c1nc2ccccc2[nH]1,O=C(O)c1ccccc1N1C(=O)c2ccccc2C1=O,O=C(Nc1ccccc1-c1nc2ccccc2[nH]1)c1ccccc1N1C(=O)c2ccccc2C1=O,23.5,1,1,0.5273008
NN(Cc1ccccc1)c1ccccc1,O=C(O)c1ccccc1N1C(=O)c2ccccc2C1=O,O=C(NN(Cc1ccccc1)c1ccccc1)c1ccccc1N1C(=O)c2ccccc2C1=O,0,0,0,0.39809713
c1ccc2sc(N3CCNCC3)nc2c1,O=C(O)c1ccccc1N1C(=O)c2ccccc2C1=O,O=C(c1ccccc1N1C(=O)c2ccccc2C1=O)N1CCN(c2nc3ccccc3s2)CC1,91.3,1,1,0.90210915
Nc1cc(-c2ccccc2)c(O)c(-c2ccccc2)c1,O=C(O)c1ccccc1N1C(=O)c2ccccc2C1=O,O=C(Nc1cc(-c2ccccc2)c(O)c(-c2ccccc2)c1)c1ccccc1N1C(=O)c2ccccc2C1=O,75.2,1,1,0.7260307
C=C(C)C(=O)OC1CC(C)(C)NC(C)(C)C1,O=C(O)c1ccccc1N1C(=O)c2ccccc2C1=O,C=C(C)C(=O)OC1CC(C)(C)N(C(=O)c2ccccc2N2C(=O)c3ccccc3C2=O)C(C)(C)C1,0,0,0,0.22488259
C1=Cc2ccccc2NCc2ccccc21,O=C(O)c1ccccc1N1C(=O)c2ccccc2C1=O,O=C(c1ccccc1N1C(=O)c2ccccc2C1=O)N1Cc2ccccc2C=Cc2ccccc21,0,0,0,0.286652
Nc1ccccc1C(=O)Oc1ccc([N+](=O)[O-])cc1,O=C(O)c1ccccc1N1C(=O)c2ccccc2C1=O,O=C(Oc1ccc([N+](=O)[O-])cc1)c1ccccc1NC(=O)c1ccccc1N1C(=O)c2ccccc2C1=O,0,0,0,0.25986996
Cc1onc(N)c1C,O=C(O)c1ccccc1N1C(=O)c2ccccc2C1=O,Cc1onc(NC(=O)c2ccccc2N2C(=O)c3ccccc3C2=O)c1C,0,0,0,0.18671043
Nc1ccccc1C#Cc1ccccc1,O=C(O)c1ccccc1N1C(=O)c2ccccc2C1=O,O=C(Nc1ccccc1C#Cc1ccccc1)c1ccccc1N1C(=O)c2ccccc2C1=O,0,0,0,0.41966137
CCOc1cc(N)c(Cl)cc1C(=O)NCC1CN(Cc2ccc(F)cc2)CCO1,O=C(O)c1ccccc1N1C(=O)c2ccccc2C1=O,CCOc1cc(NC(=O)c2ccccc2N2C(=O)c3ccccc3C2=O)c(Cl)cc1C(=O)NCC1CN(Cc2ccc(F)cc2)CCO1,0,0,0,0.13578202
OC(c1ccccc1)(c1ccccc1)C1CCCN1,O=C(O)c1ccccc1N1C(=O)c2ccccc2C1=O,O=C1c2ccccc2C(=O)N1c1ccccc1C(=O)N1CCCC1C(O)(c1ccccc1)c1ccccc1,0,0,1,0.5275806
C1CCC(NC2CCCCC2)CC1,O=C(O)c1ccccc1N1C(=O)c2ccccc2C1=O,O=C1c2ccccc2C(=O)N1c1ccccc1C(=O)N(C1CCCCC1)C1CCCCC1,0,0,0,0.43283066
COc1cccc(Nc2ccccc2)c1,O=C(O)c1ccccc1N1C(=O)c2ccccc2C1=O,COc1cccc(N(C(=O)c2ccccc2N2C(=O)c3ccccc3C2=O)c2ccccc2)c1,0,0,0,0.21884644
Clc1ccc2c(c1)CCc1cccnc1C2=C1CCNCC1,O=C(O)c1ccccc1N1C(=O)c2ccccc2C1=O,O=C(c1ccccc1N1C(=O)c2ccccc2C1=O)N1CCC(=C2c3ccc(Cl)cc3CCc3cccnc32)CC1,77.3,1,1,0.7997331
COc1cccc(C(N)=S)c1,O=C(O)c1ccccc1N1C(=O)c2ccccc2C1=O,COc1cccc(C(=S)NC(=O)c2ccccc2N2C(=O)c3ccccc3C2=O)c1,0,0,0,0.28068596
CC(N)c1ccccc1Br,O=C(O)c1ccccc1N1C(=O)c2ccccc2C1=O,CC(NC(=O)c1ccccc1N1C(=O)c2ccccc2C1=O)c1ccccc1Br,72.8,1,1,0.75864047
Nc1c(F)c(F)c(-c2c(F)c(F)c(F)c(F)c2F)c(F)c1F,Cc1nc(-c2ccc(OCC(C)C)c(C#N)c2)sc1C(=O)O,Cc1nc(-c2ccc(OCC(C)C)c(C#N)c2)sc1C(=O)Nc1c(F)c(F)c(-c2c(F)c(F)c(F)c(F)c2F)c(F)c1F,0,0,0,0.042261615
OC(c1cc(C(F)(F)F)cc(C(F)(F)F)c1)(c1cc(C(F)(F)F)cc(C(F)(F)F)c1)C1CCCN1,Cc1nc(-c2ccc(OCC(C)C)c(C#N)c2)sc1C(=O)O,Cc1nc(-c2ccc(OCC(C)C)c(C#N)c2)sc1C(=O)N1CCCC1C(O)(c1cc(C(F)(F)F)cc(C(F)(F)F)c1)c1cc(C(F)(F)F)cc(C(F)(F)F)c1,89.35,1,0,0.3348328
CC(Oc1cc(Br)cnc1N)c1c(Cl)ccc(F)c1Cl,Cc1nc(-c2ccc(OCC(C)C)c(C#N)c2)sc1C(=O)O,Cc1nc(-c2ccc(OCC(C)C)c(C#N)c2)sc1C(=O)Nc1ncc(Br)cc1OC(C)c1c(Cl)ccc(F)c1Cl,0,0,0,0.13649844
CC(NC(C)c1ccccc1)c1ccccc1,Cc1nc(-c2ccc(OCC(C)C)c(C#N)c2)sc1C(=O)O,Cc1nc(-c2ccc(OCC(C)C)c(C#N)c2)sc1C(=O)N(C(C)c1ccccc1)C(C)c1ccccc1,0,0,0,0.26363954
Nc1ccccc1-c1nc2ccccc2[nH]1,Cc1nc(-c2ccc(OCC(C)C)c(C#N)c2)sc1C(=O)O,Cc1nc(-c2ccc(OCC(C)C)c(C#N)c2)sc1C(=O)Nc1ccccc1-c1nc2ccccc2[nH]1,23,1,1,0.5623037
NN(Cc1ccccc1)c1ccccc1,Cc1nc(-c2ccc(OCC(C)C)c(C#N)c2)sc1C(=O)O,Cc1nc(-c2ccc(OCC(C)C)c(C#N)c2)sc1C(=O)NN(Cc1ccccc1)c1ccccc1,0,0,0,0.39031646
c1ccc2sc(N3CCNCC3)nc2c1,Cc1nc(-c2ccc(OCC(C)C)c(C#N)c2)sc1C(=O)O,Cc1nc(-c2ccc(OCC(C)C)c(C#N)c2)sc1C(=O)N1CCN(c2nc3ccccc3s2)CC1,100,1,1,0.8440103
Nc1cc(-c2ccccc2)c(O)c(-c2ccccc2)c1,Cc1nc(-c2ccc(OCC(C)C)c(C#N)c2)sc1C(=O)O,Cc1nc(-c2ccc(OCC(C)C)c(C#N)c2)sc1C(=O)Nc1cc(-c2ccccc2)c(O)c(-c2ccccc2)c1,81.95,1,1,0.631289
C=C(C)C(=O)OC1CC(C)(C)NC(C)(C)C1,Cc1nc(-c2ccc(OCC(C)C)c(C#N)c2)sc1C(=O)O,C=C(C)C(=O)OC1CC(C)(C)N(C(=O)c2sc(-c3ccc(OCC(C)C)c(C#N)c3)nc2C)C(C)(C)C1,0,0,0,0.1572567
C1=Cc2ccccc2NCc2ccccc21,Cc1nc(-c2ccc(OCC(C)C)c(C#N)c2)sc1C(=O)O,Cc1nc(-c2ccc(OCC(C)C)c(C#N)c2)sc1C(=O)N1Cc2ccccc2C=Cc2ccccc21,0,0,0,0.19160433
Nc1ccccc1C(=O)Oc1ccc([N+](=O)[O-])cc1,Cc1nc(-c2ccc(OCC(C)C)c(C#N)c2)sc1C(=O)O,Cc1nc(-c2ccc(OCC(C)C)c(C#N)c2)sc1C(=O)Nc1ccccc1C(=O)Oc1ccc([N+](=O)[O-])cc1,0,0,0,0.19895674
Cc1onc(N)c1C,Cc1nc(-c2ccc(OCC(C)C)c(C#N)c2)sc1C(=O)O,Cc1nc(-c2ccc(OCC(C)C)c(C#N)c2)sc1C(=O)Nc1noc(C)c1C,0,0,0,0.20158416
Nc1ccccc1C#Cc1ccccc1,Cc1nc(-c2ccc(OCC(C)C)c(C#N)c2)sc1C(=O)O,Cc1nc(-c2ccc(OCC(C)C)c(C#N)c2)sc1C(=O)Nc1ccccc1C#Cc1ccccc1,0,0,0,0.32389385
CCOc1cc(N)c(Cl)cc1C(=O)NCC1CN(Cc2ccc(F)cc2)CCO1,Cc1nc(-c2ccc(OCC(C)C)c(C#N)c2)sc1C(=O)O,CCOc1cc(NC(=O)c2sc(-c3ccc(OCC(C)C)c(C#N)c3)nc2C)c(Cl)cc1C(=O)NCC1CN(Cc2ccc(F)cc2)CCO1,0,0,0,0.053061474
OC(c1ccccc1)(c1ccccc1)C1CCCN1,Cc1nc(-c2ccc(OCC(C)C)c(C#N)c2)sc1C(=O)O,Cc1nc(-c2ccc(OCC(C)C)c(C#N)c2)sc1C(=O)N1CCCC1C(O)(c1ccccc1)c1ccccc1,17.8,0,0,0.44961536
C1CCC(NC2CCCCC2)CC1,Cc1nc(-c2ccc(OCC(C)C)c(C#N)c2)sc1C(=O)O,Cc1nc(-c2ccc(OCC(C)C)c(C#N)c2)sc1C(=O)N(C1CCCCC1)C1CCCCC1,0,0,0,0.24747992
COc1cccc(Nc2ccccc2)c1,Cc1nc(-c2ccc(OCC(C)C)c(C#N)c2)sc1C(=O)O,COc1cccc(N(C(=O)c2sc(-c3ccc(OCC(C)C)c(C#N)c3)nc2C)c2ccccc2)c1,0,0,0,0.14916146
Clc1ccc2c(c1)CCc1cccnc1C2=C1CCNCC1,Cc1nc(-c2ccc(OCC(C)C)c(C#N)c2)sc1C(=O)O,Cc1nc(-c2ccc(OCC(C)C)c(C#N)c2)sc1C(=O)N1CCC(=C2c3ccc(Cl)cc3CCc3cccnc32)CC1,81,1,1,0.73123544
COc1cccc(C(N)=S)c1,Cc1nc(-c2ccc(OCC(C)C)c(C#N)c2)sc1C(=O)O,COc1cccc(C(=S)NC(=O)c2sc(-c3ccc(OCC(C)C)c(C#N)c3)nc2C)c1,0,0,0,0.18425532
CC(N)c1ccccc1Br,Cc1nc(-c2ccc(OCC(C)C)c(C#N)c2)sc1C(=O)O,Cc1nc(-c2ccc(OCC(C)C)c(C#N)c2)sc1C(=O)NC(C)c1ccccc1Br,49.65,1,1,0.57339334
Nc1c(F)c(F)c(-c2c(F)c(F)c(F)c(F)c2F)c(F)c1F,O=C(O)C1CCN(C(=O)c2ccccc2)CC1,O=C(Nc1c(F)c(F)c(-c2c(F)c(F)c(F)c(F)c2F)c(F)c1F)C1CCN(C(=O)c2ccccc2)CC1,0,0,0,0.2493494
OC(c1cc(C(F)(F)F)cc(C(F)(F)F)c1)(c1cc(C(F)(F)F)cc(C(F)(F)F)c1)C1CCCN1,O=C(O)C1CCN(C(=O)c2ccccc2)CC1,O=C(c1ccccc1)N1CCC(C(=O)N2CCCC2C(O)(c2cc(C(F)(F)F)cc(C(F)(F)F)c2)c2cc(C(F)(F)F)cc(C(F)(F)F)c2)CC1,47.5,1,1,0.59784853
CC(Oc1cc(Br)cnc1N)c1c(Cl)ccc(F)c1Cl,O=C(O)C1CCN(C(=O)c2ccccc2)CC1,CC(Oc1cc(Br)cnc1NC(=O)C1CCN(C(=O)c2ccccc2)CC1)c1c(Cl)ccc(F)c1Cl,0,0,0,0.20554088
CC(NC(C)c1ccccc1)c1ccccc1,O=C(O)C1CCN(C(=O)c2ccccc2)CC1,CC(c1ccccc1)N(C(=O)C1CCN(C(=O)c2ccccc2)CC1)C(C)c1ccccc1,0,0,0,0.44664437
Nc1ccccc1-c1nc2ccccc2[nH]1,O=C(O)C1CCN(C(=O)c2ccccc2)CC1,O=C(Nc1ccccc1-c1nc2ccccc2[nH]1)C1CCN(C(=O)c2ccccc2)CC1,41,1,1,0.88495797
NN(Cc1ccccc1)c1ccccc1,O=C(O)C1CCN(C(=O)c2ccccc2)CC1,O=C(NN(Cc1ccccc1)c1ccccc1)C1CCN(C(=O)c2ccccc2)CC1,88,1,1,0.8633599
c1ccc2sc(N3CCNCC3)nc2c1,O=C(O)C1CCN(C(=O)c2ccccc2)CC1,O=C(c1ccccc1)N1CCC(C(=O)N2CCN(c3nc4ccccc4s3)CC2)CC1,100,1,1,0.9181014
Nc1cc(-c2ccccc2)c(O)c(-c2ccccc2)c1,O=C(O)C1CCN(C(=O)c2ccccc2)CC1,O=C(Nc1cc(-c2ccccc2)c(O)c(-c2ccccc2)c1)C1CCN(C(=O)c2ccccc2)CC1,82.4,1,1,0.930896
C=C(C)C(=O)OC1CC(C)(C)NC(C)(C)C1,O=C(O)C1CCN(C(=O)c2ccccc2)CC1,C=C(C)C(=O)OC1CC(C)(C)N(C(=O)C2CCN(C(=O)c3ccccc3)CC2)C(C)(C)C1,0,0,0,0.15733103
C1=Cc2ccccc2NCc2ccccc21,O=C(O)C1CCN(C(=O)c2ccccc2)CC1,O=C(c1ccccc1)N1CCC(C(=O)N2Cc3ccccc3C=Cc3ccccc32)CC1,0,0,1,0.5610381
Nc1ccccc1C(=O)Oc1ccc([N+](=O)[O-])cc1,O=C(O)C1CCN(C(=O)c2ccccc2)CC1,O=C(Oc1ccc([N+](=O)[O-])cc1)c1ccccc1NC(=O)C1CCN(C(=O)c2ccccc2)CC1,0,0,0,0.49658573
Cc1onc(N)c1C,O=C(O)C1CCN(C(=O)c2ccccc2)CC1,Cc1onc(NC(=O)C2CCN(C(=O)c3ccccc3)CC2)c1C,0,0,0,0.47218564
Nc1ccccc1C#Cc1ccccc1,O=C(O)C1CCN(C(=O)c2ccccc2)CC1,O=C(Nc1ccccc1C#Cc1ccccc1)C1CCN(C(=O)c2ccccc2)CC1,78.5,1,1,0.7396322
CCOc1cc(N)c(Cl)cc1C(=O)NCC1CN(Cc2ccc(F)cc2)CCO1,O=C(O)C1CCN(C(=O)c2ccccc2)CC1,CCOc1cc(NC(=O)C2CCN(C(=O)c3ccccc3)CC2)c(Cl)cc1C(=O)NCC1CN(Cc2ccc(F)cc2)CCO1,0,0,0,0.44882542
OC(c1ccccc1)(c1ccccc1)C1CCCN1,O=C(O)C1CCN(C(=O)c2ccccc2)CC1,O=C(c1ccccc1)N1CCC(C(=O)N2CCCC2C(O)(c2ccccc2)c2ccccc2)CC1,0,0,1,0.72066504
C1CCC(NC2CCCCC2)CC1,O=C(O)C1CCN(C(=O)c2ccccc2)CC1,O=C(c1ccccc1)N1CCC(C(=O)N(C2CCCCC2)C2CCCCC2)CC1,0,0,1,0.5134386
COc1cccc(Nc2ccccc2)c1,O=C(O)C1CCN(C(=O)c2ccccc2)CC1,COc1cccc(N(C(=O)C2CCN(C(=O)c3ccccc3)CC2)c2ccccc2)c1,0,0,0,0.34041134
Clc1ccc2c(c1)CCc1cccnc1C2=C1CCNCC1,O=C(O)C1CCN(C(=O)c2ccccc2)CC1,O=C(c1ccccc1)N1CCC(C(=O)N2CCC(=C3c4ccc(Cl)cc4CCc4cccnc43)CC2)CC1,87.2,1,1,0.9099325
COc1cccc(C(N)=S)c1,O=C(O)C1CCN(C(=O)c2ccccc2)CC1,COc1cccc(C(=S)NC(=O)C2CCN(C(=O)c3ccccc3)CC2)c1,0,0,0,0.19272196
CC(N)c1ccccc1Br,O=C(O)C1CCN(C(=O)c2ccccc2)CC1,CC(NC(=O)C1CCN(C(=O)c2ccccc2)CC1)c1ccccc1Br,64.8,1,1,0.77590895
Nc1c(F)c(F)c(-c2c(F)c(F)c(F)c(F)c2F)c(F)c1F,O=C(NC(Cc1cccc(C(F)(F)F)c1)C(=O)O)OCC1c2ccccc2-c2ccccc21,O=C(NC(Cc1cccc(C(F)(F)F)c1)C(=O)Nc1c(F)c(F)c(-c2c(F)c(F)c(F)c(F)c2F)c(F)c1F)OCC1c2ccccc2-c2ccccc21,0,0,0,0.17608869
OC(c1cc(C(F)(F)F)cc(C(F)(F)F)c1)(c1cc(C(F)(F)F)cc(C(F)(F)F)c1)C1CCCN1,O=C(NC(Cc1cccc(C(F)(F)F)c1)C(=O)O)OCC1c2ccccc2-c2ccccc21,O=C(NC(Cc1cccc(C(F)(F)F)c1)C(=O)N1CCCC1C(O)(c1cc(C(F)(F)F)cc(C(F)(F)F)c1)c1cc(C(F)(F)F)cc(C(F)(F)F)c1)OCC1c2ccccc2-c2ccccc21,0,0,0,0.35756654
CC(Oc1cc(Br)cnc1N)c1c(Cl)ccc(F)c1Cl,O=C(NC(Cc1cccc(C(F)(F)F)c1)C(=O)O)OCC1c2ccccc2-c2ccccc21,CC(Oc1cc(Br)cnc1NC(=O)C(Cc1cccc(C(F)(F)F)c1)NC(=O)OCC1c2ccccc2-c2ccccc21)c1c(Cl)ccc(F)c1Cl,0,0,0,0.14327258
CC(NC(C)c1ccccc1)c1ccccc1,O=C(NC(Cc1cccc(C(F)(F)F)c1)C(=O)O)OCC1c2ccccc2-c2ccccc21,CC(c1ccccc1)N(C(=O)C(Cc1cccc(C(F)(F)F)c1)NC(=O)OCC1c2ccccc2-c2ccccc21)C(C)c1ccccc1,0,0,0,0.21328366
Nc1ccccc1-c1nc2ccccc2[nH]1,O=C(NC(Cc1cccc(C(F)(F)F)c1)C(=O)O)OCC1c2ccccc2-c2ccccc21,O=C(NC(Cc1cccc(C(F)(F)F)c1)C(=O)Nc1ccccc1-c1nc2ccccc2[nH]1)OCC1c2ccccc2-c2ccccc21,69.8,1,0,0.49285477
NN(Cc1ccccc1)c1ccccc1,O=C(NC(Cc1cccc(C(F)(F)F)c1)C(=O)O)OCC1c2ccccc2-c2ccccc21,O=C(NC(Cc1cccc(C(F)(F)F)c1)C(=O)NN(Cc1ccccc1)c1ccccc1)OCC1c2ccccc2-c2ccccc21,0,0,0,0.31958953
c1ccc2sc(N3CCNCC3)nc2c1,O=C(NC(Cc1cccc(C(F)(F)F)c1)C(=O)O)OCC1c2ccccc2-c2ccccc21,O=C(NC(Cc1cccc(C(F)(F)F)c1)C(=O)N1CCN(c2nc3ccccc3s2)CC1)OCC1c2ccccc2-c2ccccc21,100,1,0,0.44356254
Nc1cc(-c2ccccc2)c(O)c(-c2ccccc2)c1,O=C(NC(Cc1cccc(C(F)(F)F)c1)C(=O)O)OCC1c2ccccc2-c2ccccc21,O=C(NC(Cc1cccc(C(F)(F)F)c1)C(=O)Nc1cc(-c2ccccc2)c(O)c(-c2ccccc2)c1)OCC1c2ccccc2-c2ccccc21,0,0,1,0.5864324
C=C(C)C(=O)OC1CC(C)(C)NC(C)(C)C1,O=C(NC(Cc1cccc(C(F)(F)F)c1)C(=O)O)OCC1c2ccccc2-c2ccccc21,C=C(C)C(=O)OC1CC(C)(C)N(C(=O)C(Cc2cccc(C(F)(F)F)c2)NC(=O)OCC2c3ccccc3-c3ccccc32)C(C)(C)C1,0,0,0,0.2164932
C1=Cc2ccccc2NCc2ccccc21,O=C(NC(Cc1cccc(C(F)(F)F)c1)C(=O)O)OCC1c2ccccc2-c2ccccc21,O=C(NC(Cc1cccc(C(F)(F)F)c1)C(=O)N1Cc2ccccc2C=Cc2ccccc21)OCC1c2ccccc2-c2ccccc21,0,0,0,0.3236395
Nc1ccccc1C(=O)Oc1ccc([N+](=O)[O-])cc1,O=C(NC(Cc1cccc(C(F)(F)F)c1)C(=O)O)OCC1c2ccccc2-c2ccccc21,O=C(NC(Cc1cccc(C(F)(F)F)c1)C(=O)Nc1ccccc1C(=O)Oc1ccc([N+](=O)[O-])cc1)OCC1c2ccccc2-c2ccccc21,0,0,0,0.28834727
Cc1onc(N)c1C,O=C(NC(Cc1cccc(C(F)(F)F)c1)C(=O)O)OCC1c2ccccc2-c2ccccc21,Cc1onc(NC(=O)C(Cc2cccc(C(F)(F)F)c2)NC(=O)OCC2c3ccccc3-c3ccccc32)c1C,0,0,0,0.20008256
Nc1ccccc1C#Cc1ccccc1,O=C(NC(Cc1cccc(C(F)(F)F)c1)C(=O)O)OCC1c2ccccc2-c2ccccc21,O=C(NC(Cc1cccc(C(F)(F)F)c1)C(=O)Nc1ccccc1C#Cc1ccccc1)OCC1c2ccccc2-c2ccccc21,11.4,0,0,0.34829575
CCOc1cc(N)c(Cl)cc1C(=O)NCC1CN(Cc2ccc(F)cc2)CCO1,O=C(NC(Cc1cccc(C(F)(F)F)c1)C(=O)O)OCC1c2ccccc2-c2ccccc21,CCOc1cc(NC(=O)C(Cc2cccc(C(F)(F)F)c2)NC(=O)OCC2c3ccccc3-c3ccccc32)c(Cl)cc1C(=O)NCC1CN(Cc2ccc(F)cc2)CCO1,0,0,0,0.15992013
OC(c1ccccc1)(c1ccccc1)C1CCCN1,O=C(NC(Cc1cccc(C(F)(F)F)c1)C(=O)O)OCC1c2ccccc2-c2ccccc21,O=C(NC(Cc1cccc(C(F)(F)F)c1)C(=O)N1CCCC1C(O)(c1ccccc1)c1ccccc1)OCC1c2ccccc2-c2ccccc21,41.9,1,0,0.4347111
C1CCC(NC2CCCCC2)CC1,O=C(NC(Cc1cccc(C(F)(F)F)c1)C(=O)O)OCC1c2ccccc2-c2ccccc21,O=C(NC(Cc1cccc(C(F)(F)F)c1)C(=O)N(C1CCCCC1)C1CCCCC1)OCC1c2ccccc2-c2ccccc21,0,0,0,0.29376236
COc1cccc(Nc2ccccc2)c1,O=C(NC(Cc1cccc(C(F)(F)F)c1)C(=O)O)OCC1c2ccccc2-c2ccccc21,COc1cccc(N(C(=O)C(Cc2cccc(C(F)(F)F)c2)NC(=O)OCC2c3ccccc3-c3ccccc32)c2ccccc2)c1,0,0,0,0.14556733
Clc1ccc2c(c1)CCc1cccnc1C2=C1CCNCC1,O=C(NC(Cc1cccc(C(F)(F)F)c1)C(=O)O)OCC1c2ccccc2-c2ccccc21,O=C(NC(Cc1cccc(C(F)(F)F)c1)C(=O)N1CCC(=C2c3ccc(Cl)cc3CCc3cccnc32)CC1)OCC1c2ccccc2-c2ccccc21,87.5,1,1,0.5400038
COc1cccc(C(N)=S)c1,O=C(NC(Cc1cccc(C(F)(F)F)c1)C(=O)O)OCC1c2ccccc2-c2ccccc21,COc1cccc(C(=S)NC(=O)C(Cc2cccc(C(F)(F)F)c2)NC(=O)OCC2c3ccccc3-c3ccccc32)c1,0,0,0,0.15216297
CC(N)c1ccccc1Br,O=C(NC(Cc1cccc(C(F)(F)F)c1)C(=O)O)OCC1c2ccccc2-c2ccccc21,CC(NC(=O)C(Cc1cccc(C(F)(F)F)c1)NC(=O)OCC1c2ccccc2-c2ccccc21)c1ccccc1Br,66.6,1,0,0.36707512
Nc1c(F)c(F)c(-c2c(F)c(F)c(F)c(F)c2F)c(F)c1F,CC(C)(C)OC(=O)Nc1ccc(C(=O)O)cc1,CC(C)(C)OC(=O)Nc1ccc(C(=O)Nc2c(F)c(F)c(-c3c(F)c(F)c(F)c(F)c3F)c(F)c2F)cc1,0,0,0,0.015689934
OC(c1cc(C(F)(F)F)cc(C(F)(F)F)c1)(c1cc(C(F)(F)F)cc(C(F)(F)F)c1)C1CCCN1,CC(C)(C)OC(=O)Nc1ccc(C(=O)O)cc1,CC(C)(C)OC(=O)Nc1ccc(C(=O)N2CCCC2C(O)(c2cc(C(F)(F)F)cc(C(F)(F)F)c2)c2cc(C(F)(F)F)cc(C(F)(F)F)c2)cc1,0,0,0,0.30777398
CC(Oc1cc(Br)cnc1N)c1c(Cl)ccc(F)c1Cl,CC(C)(C)OC(=O)Nc1ccc(C(=O)O)cc1,CC(Oc1cc(Br)cnc1NC(=O)c1ccc(NC(=O)OC(C)(C)C)cc1)c1c(Cl)ccc(F)c1Cl,0,0,0,0.043028936
CC(NC(C)c1ccccc1)c1ccccc1,CC(C)(C)OC(=O)Nc1ccc(C(=O)O)cc1,CC(c1ccccc1)N(C(=O)c1ccc(NC(=O)OC(C)(C)C)cc1)C(C)c1ccccc1,0,0,0,0.17234856
Nc1ccccc1-c1nc2ccccc2[nH]1,CC(C)(C)OC(=O)Nc1ccc(C(=O)O)cc1,CC(C)(C)OC(=O)Nc1ccc(C(=O)Nc2ccccc2-c2nc3ccccc3[nH]2)cc1,7.9,0,0,0.34572312
NN(Cc1ccccc1)c1ccccc1,CC(C)(C)OC(=O)Nc1ccc(C(=O)O)cc1,CC(C)(C)OC(=O)Nc1ccc(C(=O)NN(Cc2ccccc2)c2ccccc2)cc1,0,0,0,0.27902013
c1ccc2sc(N3CCNCC3)nc2c1,CC(C)(C)OC(=O)Nc1ccc(C(=O)O)cc1,CC(C)(C)OC(=O)Nc1ccc(C(=O)N2CCN(c3nc4ccccc4s3)CC2)cc1,100,1,1,0.7186791
Nc1cc(-c2ccccc2)c(O)c(-c2ccccc2)c1,CC(C)(C)OC(=O)Nc1ccc(C(=O)O)cc1,CC(C)(C)OC(=O)Nc1ccc(C(=O)Nc2cc(-c3ccccc3)c(O)c(-c3ccccc3)c2)cc1,68.4,1,1,0.5129261
C=C(C)C(=O)OC1CC(C)(C)NC(C)(C)C1,CC(C)(C)OC(=O)Nc1ccc(C(=O)O)cc1,C=C(C)C(=O)OC1CC(C)(C)N(C(=O)c2ccc(NC(=O)OC(C)(C)C)cc2)C(C)(C)C1,0,0,0,0.034272626
C1=Cc2ccccc2NCc2ccccc21,CC(C)(C)OC(=O)Nc1ccc(C(=O)O)cc1,CC(C)(C)OC(=O)Nc1ccc(C(=O)N2Cc3ccccc3C=Cc3ccccc32)cc1,0,0,0,0.10131133
Nc1ccccc1C(=O)Oc1ccc([N+](=O)[O-])cc1,CC(C)(C)OC(=O)Nc1ccc(C(=O)O)cc1,CC(C)(C)OC(=O)Nc1ccc(C(=O)Nc2ccccc2C(=O)Oc2ccc([N+](=O)[O-])cc2)cc1,0,0,0,0.072054885
Cc1onc(N)c1C,CC(C)(C)OC(=O)Nc1ccc(C(=O)O)cc1,Cc1onc(NC(=O)c2ccc(NC(=O)OC(C)(C)C)cc2)c1C,0,0,0,0.06680002
Nc1ccccc1C#Cc1ccccc1,CC(C)(C)OC(=O)Nc1ccc(C(=O)O)cc1,CC(C)(C)OC(=O)Nc1ccc(C(=O)Nc2ccccc2C#Cc2ccccc2)cc1,0,0,0,0.17721462
CCOc1cc(N)c(Cl)cc1C(=O)NCC1CN(Cc2ccc(F)cc2)CCO1,CC(C)(C)OC(=O)Nc1ccc(C(=O)O)cc1,CCOc1cc(NC(=O)c2ccc(NC(=O)OC(C)(C)C)cc2)c(Cl)cc1C(=O)NCC1CN(Cc2ccc(F)cc2)CCO1,0,0,0,0.06430608
OC(c1ccccc1)(c1ccccc1)C1CCCN1,CC(C)(C)OC(=O)Nc1ccc(C(=O)O)cc1,CC(C)(C)OC(=O)Nc1ccc(C(=O)N2CCCC2C(O)(c2ccccc2)c2ccccc2)cc1,79.7,1,0,0.41249347
C1CCC(NC2CCCCC2)CC1,CC(C)(C)OC(=O)Nc1ccc(C(=O)O)cc1,CC(C)(C)OC(=O)Nc1ccc(C(=O)N(C2CCCCC2)C2CCCCC2)cc1,0,0,0,0.18139616
COc1cccc(Nc2ccccc2)c1,CC(C)(C)OC(=O)Nc1ccc(C(=O)O)cc1,COc1cccc(N(C(=O)c2ccc(NC(=O)OC(C)(C)C)cc2)c2ccccc2)c1,0,0,0,0.094330855
Clc1ccc2c(c1)CCc1cccnc1C2=C1CCNCC1,CC(C)(C)OC(=O)Nc1ccc(C(=O)O)cc1,CC(C)(C)OC(=O)Nc1ccc(C(=O)N2CCC(=C3c4ccc(Cl)cc4CCc4cccnc43)CC2)cc1,100,1,1,0.66408074
COc1cccc(C(N)=S)c1,CC(C)(C)OC(=O)Nc1ccc(C(=O)O)cc1,COc1cccc(C(=S)NC(=O)c2ccc(NC(=O)OC(C)(C)C)cc2)c1,0,0,0,0.07771562
CC(N)c1ccccc1Br,CC(C)(C)OC(=O)Nc1ccc(C(=O)O)cc1,CC(NC(=O)c1ccc(NC(=O)OC(C)(C)C)cc1)c1ccccc1Br,100,1,1,0.5973935
Nc1c(F)c(F)c(-c2c(F)c(F)c(F)c(F)c2F)c(F)c1F,O=C/C(Cl)=C(\Cl)C(=O)O,O=C/C(Cl)=C(\Cl)C(=O)Nc1c(F)c(F)c(-c2c(F)c(F)c(F)c(F)c2F)c(F)c1F,0,0,0,0.04013983
OC(c1cc(C(F)(F)F)cc(C(F)(F)F)c1)(c1cc(C(F)(F)F)cc(C(F)(F)F)c1)C1CCCN1,O=C/C(Cl)=C(\Cl)C(=O)O,O=C/C(Cl)=C(\Cl)C(=O)N1CCCC1C(O)(c1cc(C(F)(F)F)cc(C(F)(F)F)c1)c1cc(C(F)(F)F)cc(C(F)(F)F)c1,0,0,0,0.16635528
CC(Oc1cc(Br)cnc1N)c1c(Cl)ccc(F)c1Cl,O=C/C(Cl)=C(\Cl)C(=O)O,CC(Oc1cc(Br)cnc1NC(=O)/C(Cl)=C(\Cl)C=O)c1c(Cl)ccc(F)c1Cl,0,0,0,0.024741294
CC(NC(C)c1ccccc1)c1ccccc1,O=C/C(Cl)=C(\Cl)C(=O)O,CC(c1ccccc1)N(C(=O)/C(Cl)=C(\Cl)C=O)C(C)c1ccccc1,0,0,0,0.14029014
Nc1ccccc1-c1nc2ccccc2[nH]1,O=C/C(Cl)=C(\Cl)C(=O)O,O=C/C(Cl)=C(\Cl)C(=O)Nc1ccccc1-c1nc2ccccc2[nH]1,0,0,0,0.3226857
NN(Cc1ccccc1)c1ccccc1,O=C/C(Cl)=C(\Cl)C(=O)O,O=C/C(Cl)=C(\Cl)C(=O)NN(Cc1ccccc1)c1ccccc1,0,0,0,0.22725433
c1ccc2sc(N3CCNCC3)nc2c1,O=C/C(Cl)=C(\Cl)C(=O)O,O=C/C(Cl)=C(\Cl)C(=O)N1CCN(c2nc3ccccc3s2)CC1,0,0,1,0.7345502
Nc1cc(-c2ccccc2)c(O)c(-c2ccccc2)c1,O=C/C(Cl)=C(\Cl)C(=O)O,O=C/C(Cl)=C(\Cl)C(=O)Nc1cc(-c2ccccc2)c(O)c(-c2ccccc2)c1,0,0,0,0.40386772
C=C(C)C(=O)OC1CC(C)(C)NC(C)(C)C1,O=C/C(Cl)=C(\Cl)C(=O)O,C=C(C)C(=O)OC1CC(C)(C)N(C(=O)/C(Cl)=C(\Cl)C=O)C(C)(C)C1,0,0,0,0.114042476
C1=Cc2ccccc2NCc2ccccc21,O=C/C(Cl)=C(\Cl)C(=O)O,O=CC(Cl)=C(Cl)C(=O)N1Cc2ccccc2C=Cc2ccccc21,0,0,0,0.14180359
Nc1ccccc1C(=O)Oc1ccc([N+](=O)[O-])cc1,O=C/C(Cl)=C(\Cl)C(=O)O,O=C/C(Cl)=C(\Cl)C(=O)Nc1ccccc1C(=O)Oc1ccc([N+](=O)[O-])cc1,0,0,0,0.12919635
Cc1onc(N)c1C,O=C/C(Cl)=C(\Cl)C(=O)O,Cc1onc(NC(=O)/C(Cl)=C(\Cl)C=O)c1C,0,0,0,0.053898882
Nc1ccccc1C#Cc1ccccc1,O=C/C(Cl)=C(\Cl)C(=O)O,O=C/C(Cl)=C(\Cl)C(=O)Nc1ccccc1C#Cc1ccccc1,0,0,0,0.2238886
CCOc1cc(N)c(Cl)cc1C(=O)NCC1CN(Cc2ccc(F)cc2)CCO1,O=C/C(Cl)=C(\Cl)C(=O)O,CCOc1cc(NC(=O)/C(Cl)=C(\Cl)C=O)c(Cl)cc1C(=O)NCC1CN(Cc2ccc(F)cc2)CCO1,0,0,0,0.027704641
OC(c1ccccc1)(c1ccccc1)C1CCCN1,O=C/C(Cl)=C(\Cl)C(=O)O,O=C/C(Cl)=C(\Cl)C(=O)N1CCCC1C(O)(c1ccccc1)c1ccccc1,0,0,0,0.24908754
C1CCC(NC2CCCCC2)CC1,O=C/C(Cl)=C(\Cl)C(=O)O,O=C/C(Cl)=C(\Cl)C(=O)N(C1CCCCC1)C1CCCCC1,0,0,0,0.13734345
COc1cccc(Nc2ccccc2)c1,O=C/C(Cl)=C(\Cl)C(=O)O,COc1cccc(N(C(=O)/C(Cl)=C(\Cl)C=O)c2ccccc2)c1,0,0,0,0.07965603
Clc1ccc2c(c1)CCc1cccnc1C2=C1CCNCC1,O=C/C(Cl)=C(\Cl)C(=O)O,O=C/C(Cl)=C(\Cl)C(=O)N1CCC(=C2c3ccc(Cl)cc3CCc3cccnc32)CC1,0,0,1,0.6501051
COc1cccc(C(N)=S)c1,O=C/C(Cl)=C(\Cl)C(=O)O,COc1cccc(C(=S)NC(=O)/C(Cl)=C(\Cl)C=O)c1,0,0,0,0.024761854
CC(N)c1ccccc1Br,O=C/C(Cl)=C(\Cl)C(=O)O,CC(NC(=O)/C(Cl)=C(\Cl)C=O)c1ccccc1Br,0,0,0,0.26211387
Nc1c(F)c(F)c(-c2c(F)c(F)c(F)c(F)c2F)c(F)c1F,O=C(Nc1ccccc1C(=O)O)OCC1c2ccccc2-c2ccccc21,O=C(Nc1ccccc1C(=O)Nc1c(F)c(F)c(-c2c(F)c(F)c(F)c(F)c2F)c(F)c1F)OCC1c2ccccc2-c2ccccc21,0,0,0,0.1559589
OC(c1cc(C(F)(F)F)cc(C(F)(F)F)c1)(c1cc(C(F)(F)F)cc(C(F)(F)F)c1)C1CCCN1,O=C(Nc1ccccc1C(=O)O)OCC1c2ccccc2-c2ccccc21,O=C(Nc1ccccc1C(=O)N1CCCC1C(O)(c1cc(C(F)(F)F)cc(C(F)(F)F)c1)c1cc(C(F)(F)F)cc(C(F)(F)F)c1)OCC1c2ccccc2-c2ccccc21,0,0,0,0.30795625
CC(Oc1cc(Br)cnc1N)c1c(Cl)ccc(F)c1Cl,O=C(Nc1ccccc1C(=O)O)OCC1c2ccccc2-c2ccccc21,CC(Oc1cc(Br)cnc1NC(=O)c1ccccc1NC(=O)OCC1c2ccccc2-c2ccccc21)c1c(Cl)ccc(F)c1Cl,0,0,0,0.20977327
CC(NC(C)c1ccccc1)c1ccccc1,O=C(Nc1ccccc1C(=O)O)OCC1c2ccccc2-c2ccccc21,CC(c1ccccc1)N(C(=O)c1ccccc1NC(=O)OCC1c2ccccc2-c2ccccc21)C(C)c1ccccc1,0,0,0,0.34723178
Nc1ccccc1-c1nc2ccccc2[nH]1,O=C(Nc1ccccc1C(=O)O)OCC1c2ccccc2-c2ccccc21,O=C(Nc1ccccc1C(=O)Nc1ccccc1-c1nc2ccccc2[nH]1)OCC1c2ccccc2-c2ccccc21,17.1,0,1,0.54626155
NN(Cc1ccccc1)c1ccccc1,O=C(Nc1ccccc1C(=O)O)OCC1c2ccccc2-c2ccccc21,O=C(Nc1ccccc1C(=O)NN(Cc1ccccc1)c1ccccc1)OCC1c2ccccc2-c2ccccc21,0,0,1,0.50442725
c1ccc2sc(N3CCNCC3)nc2c1,O=C(Nc1ccccc1C(=O)O)OCC1c2ccccc2-c2ccccc21,O=C(Nc1ccccc1C(=O)N1CCN(c2nc3ccccc3s2)CC1)OCC1c2ccccc2-c2ccccc21,95.3,1,1,0.7709514
Nc1cc(-c2ccccc2)c(O)c(-c2ccccc2)c1,O=C(Nc1ccccc1C(=O)O)OCC1c2ccccc2-c2ccccc21,O=C(Nc1ccccc1C(=O)Nc1cc(-c2ccccc2)c(O)c(-c2ccccc2)c1)OCC1c2ccccc2-c2ccccc21,8.5,0,1,0.67880106
C=C(C)C(=O)OC1CC(C)(C)NC(C)(C)C1,O=C(Nc1ccccc1C(=O)O)OCC1c2ccccc2-c2ccccc21,C=C(C)C(=O)OC1CC(C)(C)N(C(=O)c2ccccc2NC(=O)OCC2c3ccccc3-c3ccccc32)C(C)(C)C1,0,0,0,0.2568263
C1=Cc2ccccc2NCc2ccccc21,O=C(Nc1ccccc1C(=O)O)OCC1c2ccccc2-c2ccccc21,O=C(Nc1ccccc1C(=O)N1Cc2ccccc2C=Cc2ccccc21)OCC1c2ccccc2-c2ccccc21,0,0,0,0.27367362
Nc1ccccc1C(=O)Oc1ccc([N+](=O)[O-])cc1,O=C(Nc1ccccc1C(=O)O)OCC1c2ccccc2-c2ccccc21,O=C(Nc1ccccc1C(=O)Nc1ccccc1C(=O)Oc1ccc([N+](=O)[O-])cc1)OCC1c2ccccc2-c2ccccc21,0,0,0,0.32355133
Cc1onc(N)c1C,O=C(Nc1ccccc1C(=O)O)OCC1c2ccccc2-c2ccccc21,Cc1onc(NC(=O)c2ccccc2NC(=O)OCC2c3ccccc3-c3ccccc32)c1C,22.1,1,0,0.25501168
Nc1ccccc1C#Cc1ccccc1,O=C(Nc1ccccc1C(=O)O)OCC1c2ccccc2-c2ccccc21,O=C(Nc1ccccc1C(=O)Nc1ccccc1C#Cc1ccccc1)OCC1c2ccccc2-c2ccccc21,0,0,0,0.45452774
CCOc1cc(N)c(Cl)cc1C(=O)NCC1CN(Cc2ccc(F)cc2)CCO1,O=C(Nc1ccccc1C(=O)O)OCC1c2ccccc2-c2ccccc21,CCOc1cc(NC(=O)c2ccccc2NC(=O)OCC2c3ccccc3-c3ccccc32)c(Cl)cc1C(=O)NCC1CN(Cc2ccc(F)cc2)CCO1,0,0,0,0.16750732
OC(c1ccccc1)(c1ccccc1)C1CCCN1,O=C(Nc1ccccc1C(=O)O)OCC1c2ccccc2-c2ccccc21,O=C(Nc1ccccc1C(=O)N1CCCC1C(O)(c1ccccc1)c1ccccc1)OCC1c2ccccc2-c2ccccc21,0,0,0,0.42320153
C1CCC(NC2CCCCC2)CC1,O=C(Nc1ccccc1C(=O)O)OCC1c2ccccc2-c2ccccc21,O=C(Nc1ccccc1C(=O)N(C1CCCCC1)C1CCCCC1)OCC1c2ccccc2-c2ccccc21,0,0,0,0.41068435
COc1cccc(Nc2ccccc2)c1,O=C(Nc1ccccc1C(=O)O)OCC1c2ccccc2-c2ccccc21,COc1cccc(N(C(=O)c2ccccc2NC(=O)OCC2c3ccccc3-c3ccccc32)c2ccccc2)c1,0,0,0,0.27243537
Clc1ccc2c(c1)CCc1cccnc1C2=C1CCNCC1,O=C(Nc1ccccc1C(=O)O)OCC1c2ccccc2-c2ccccc21,O=C(Nc1ccccc1C(=O)N1CCC(=C2c3ccc(Cl)cc3CCc3cccnc32)CC1)OCC1c2ccccc2-c2ccccc21,81.82,1,1,0.70233786
COc1cccc(C(N)=S)c1,O=C(Nc1ccccc1C(=O)O)OCC1c2ccccc2-c2ccccc21,COc1cccc(C(=S)NC(=O)c2ccccc2NC(=O)OCC2c3ccccc3-c3ccccc32)c1,0,0,0,0.29123744
CC(N)c1ccccc1Br,O=C(Nc1ccccc1C(=O)O)OCC1c2ccccc2-c2ccccc21,CC(NC(=O)c1ccccc1NC(=O)OCC1c2ccccc2-c2ccccc21)c1ccccc1Br,80.9,1,1,0.7131554
Nc1c(F)c(F)c(-c2c(F)c(F)c(F)c(F)c2F)c(F)c1F,COC(=O)c1c(OCc2ccccc2)c(=O)c(C(=O)O)cn1CC(OC)OC,COC(=O)c1c(OCc2ccccc2)c(=O)c(C(=O)Nc2c(F)c(F)c(-c3c(F)c(F)c(F)c(F)c3F)c(F)c2F)cn1CC(OC)OC,0,0,0,0.14634506
OC(c1cc(C(F)(F)F)cc(C(F)(F)F)c1)(c1cc(C(F)(F)F)cc(C(F)(F)F)c1)C1CCCN1,COC(=O)c1c(OCc2ccccc2)c(=O)c(C(=O)O)cn1CC(OC)OC,COC(=O)c1c(OCc2ccccc2)c(=O)c(C(=O)N2CCCC2C(O)(c2cc(C(F)(F)F)cc(C(F)(F)F)c2)c2cc(C(F)(F)F)cc(C(F)(F)F)c2)cn1CC(OC)OC,100,1,1,0.5316081
CC(Oc1cc(Br)cnc1N)c1c(Cl)ccc(F)c1Cl,COC(=O)c1c(OCc2ccccc2)c(=O)c(C(=O)O)cn1CC(OC)OC,COC(=O)c1c(OCc2ccccc2)c(=O)c(C(=O)Nc2ncc(Br)cc2OC(C)c2c(Cl)ccc(F)c2Cl)cn1CC(OC)OC,10.7,0,0,0.19901587
CC(NC(C)c1ccccc1)c1ccccc1,COC(=O)c1c(OCc2ccccc2)c(=O)c(C(=O)O)cn1CC(OC)OC,COC(=O)c1c(OCc2ccccc2)c(=O)c(C(=O)N(C(C)c2ccccc2)C(C)c2ccccc2)cn1CC(OC)OC,0,0,0,0.48848903
Nc1ccccc1-c1nc2ccccc2[nH]1,COC(=O)c1c(OCc2ccccc2)c(=O)c(C(=O)O)cn1CC(OC)OC,COC(=O)c1c(OCc2ccccc2)c(=O)c(C(=O)Nc2ccccc2-c2nc3ccccc3[nH]2)cn1CC(OC)OC,82.2,1,1,0.7907679
NN(Cc1ccccc1)c1ccccc1,COC(=O)c1c(OCc2ccccc2)c(=O)c(C(=O)O)cn1CC(OC)OC,COC(=O)c1c(OCc2ccccc2)c(=O)c(C(=O)NN(Cc2ccccc2)c2ccccc2)cn1CC(OC)OC,0,0,1,0.6497685
c1ccc2sc(N3CCNCC3)nc2c1,COC(=O)c1c(OCc2ccccc2)c(=O)c(C(=O)O)cn1CC(OC)OC,COC(=O)c1c(OCc2ccccc2)c(=O)c(C(=O)N2CCN(c3nc4ccccc4s3)CC2)cn1CC(OC)OC,100,1,1,0.94649583
Nc1cc(-c2ccccc2)c(O)c(-c2ccccc2)c1,COC(=O)c1c(OCc2ccccc2)c(=O)c(C(=O)O)cn1CC(OC)OC,COC(=O)c1c(OCc2ccccc2)c(=O)c(C(=O)Nc2cc(-c3ccccc3)c(O)c(-c3ccccc3)c2)cn1CC(OC)OC,73.6,1,1,0.8929319
C=C(C)C(=O)OC1CC(C)(C)NC(C)(C)C1,COC(=O)c1c(OCc2ccccc2)c(=O)c(C(=O)O)cn1CC(OC)OC,C=C(C)C(=O)OC1CC(C)(C)N(C(=O)c2cn(CC(OC)OC)c(C(=O)OC)c(OCc3ccccc3)c2=O)C(C)(C)C1,0,0,0,0.1376029
C1=Cc2ccccc2NCc2ccccc21,COC(=O)c1c(OCc2ccccc2)c(=O)c(C(=O)O)cn1CC(OC)OC,COC(=O)c1c(OCc2ccccc2)c(=O)c(C(=O)N2Cc3ccccc3C=Cc3ccccc32)cn1CC(OC)OC,88.8,1,1,0.6249125
Nc1ccccc1C(=O)Oc1ccc([N+](=O)[O-])cc1,COC(=O)c1c(OCc2ccccc2)c(=O)c(C(=O)O)cn1CC(OC)OC,COC(=O)c1c(OCc2ccccc2)c(=O)c(C(=O)Nc2ccccc2C(=O)Oc2ccc([N+](=O)[O-])cc2)cn1CC(OC)OC,8,0,0,0.4257589
Cc1onc(N)c1C,COC(=O)c1c(OCc2ccccc2)c(=O)c(C(=O)O)cn1CC(OC)OC,COC(=O)c1c(OCc2ccccc2)c(=O)c(C(=O)Nc2noc(C)c2C)cn1CC(OC)OC,57.4,1,0,0.31717366
Nc1ccccc1C#Cc1ccccc1,COC(=O)c1c(OCc2ccccc2)c(=O)c(C(=O)O)cn1CC(OC)OC,COC(=O)c1c(OCc2ccccc2)c(=O)c(C(=O)Nc2ccccc2C#Cc2ccccc2)cn1CC(OC)OC,88.6,1,1,0.66814333
CCOc1cc(N)c(Cl)cc1C(=O)NCC1CN(Cc2ccc(F)cc2)CCO1,COC(=O)c1c(OCc2ccccc2)c(=O)c(C(=O)O)cn1CC(OC)OC,CCOc1cc(NC(=O)c2cn(CC(OC)OC)c(C(=O)OC)c(OCc3ccccc3)c2=O)c(Cl)cc1C(=O)NCC1CN(Cc2ccc(F)cc2)CCO1,5.65,0,0,0.17535856
OC(c1ccccc1)(c1ccccc1)C1CCCN1,COC(=O)c1c(OCc2ccccc2)c(=O)c(C(=O)O)cn1CC(OC)OC,COC(=O)c1c(OCc2ccccc2)c(=O)c(C(=O)N2CCCC2C(O)(c2ccccc2)c2ccccc2)cn1CC(OC)OC,100,1,1,0.65661466
C1CCC(NC2CCCCC2)CC1,COC(=O)c1c(OCc2ccccc2)c(=O)c(C(=O)O)cn1CC(OC)OC,COC(=O)c1c(OCc2ccccc2)c(=O)c(C(=O)N(C2CCCCC2)C2CCCCC2)cn1CC(OC)OC,23.3,1,1,0.5279141
COc1cccc(Nc2ccccc2)c1,COC(=O)c1c(OCc2ccccc2)c(=O)c(C(=O)O)cn1CC(OC)OC,COC(=O)c1c(OCc2ccccc2)c(=O)c(C(=O)N(c2ccccc2)c2cccc(OC)c2)cn1CC(OC)OC,0,0,0,0.36370346
Clc1ccc2c(c1)CCc1cccnc1C2=C1CCNCC1,COC(=O)c1c(OCc2ccccc2)c(=O)c(C(=O)O)cn1CC(OC)OC,COC(=O)c1c(OCc2ccccc2)c(=O)c(C(=O)N2CCC(=C3c4ccc(Cl)cc4CCc4cccnc43)CC2)cn1CC(OC)OC,100,1,1,0.8872179
COc1cccc(C(N)=S)c1,COC(=O)c1c(OCc2ccccc2)c(=O)c(C(=O)O)cn1CC(OC)OC,COC(=O)c1c(OCc2ccccc2)c(=O)c(C(=O)NC(=S)c2cccc(OC)c2)cn1CC(OC)OC,0,0,0,0.2864523
CC(N)c1ccccc1Br,COC(=O)c1c(OCc2ccccc2)c(=O)c(C(=O)O)cn1CC(OC)OC,COC(=O)c1c(OCc2ccccc2)c(=O)c(C(=O)NC(C)c2ccccc2Br)cn1CC(OC)OC,100,1,1,0.8836651
Nc1c(F)c(F)c(-c2c(F)c(F)c(F)c(F)c2F)c(F)c1F,COc1ccc2c(c1)c(CC(=O)O)c(C)n2C(=O)c1ccc(Cl)cc1,COc1ccc2c(c1)c(CC(=O)Nc1c(F)c(F)c(-c3c(F)c(F)c(F)c(F)c3F)c(F)c1F)c(C)n2C(=O)c1ccc(Cl)cc1,0,0,0,0.036453426
OC(c1cc(C(F)(F)F)cc(C(F)(F)F)c1)(c1cc(C(F)(F)F)cc(C(F)(F)F)c1)C1CCCN1,COc1ccc2c(c1)c(CC(=O)O)c(C)n2C(=O)c1ccc(Cl)cc1,COc1ccc2c(c1)c(CC(=O)N1CCCC1C(O)(c1cc(C(F)(F)F)cc(C(F)(F)F)c1)c1cc(C(F)(F)F)cc(C(F)(F)F)c1)c(C)n2C(=O)c1ccc(Cl)cc1,100,1,0,0.34303582
CC(Oc1cc(Br)cnc1N)c1c(Cl)ccc(F)c1Cl,COc1ccc2c(c1)c(CC(=O)O)c(C)n2C(=O)c1ccc(Cl)cc1,COc1ccc2c(c1)c(CC(=O)Nc1ncc(Br)cc1OC(C)c1c(Cl)ccc(F)c1Cl)c(C)n2C(=O)c1ccc(Cl)cc1,0,0,0,0.052343816
CC(NC(C)c1ccccc1)c1ccccc1,COc1ccc2c(c1)c(CC(=O)O)c(C)n2C(=O)c1ccc(Cl)cc1,COc1ccc2c(c1)c(CC(=O)N(C(C)c1ccccc1)C(C)c1ccccc1)c(C)n2C(=O)c1ccc(Cl)cc1,0,0,0,0.1087431
Nc1ccccc1-c1nc2ccccc2[nH]1,COc1ccc2c(c1)c(CC(=O)O)c(C)n2C(=O)c1ccc(Cl)cc1,COc1ccc2c(c1)c(CC(=O)Nc1ccccc1-c1nc3ccccc3[nH]1)c(C)n2C(=O)c1ccc(Cl)cc1,72.5,1,1,0.57543886
NN(Cc1ccccc1)c1ccccc1,COc1ccc2c(c1)c(CC(=O)O)c(C)n2C(=O)c1ccc(Cl)cc1,COc1ccc2c(c1)c(CC(=O)NN(Cc1ccccc1)c1ccccc1)c(C)n2C(=O)c1ccc(Cl)cc1,100,1,0,0.46020713
c1ccc2sc(N3CCNCC3)nc2c1,COc1ccc2c(c1)c(CC(=O)O)c(C)n2C(=O)c1ccc(Cl)cc1,COc1ccc2c(c1)c(CC(=O)N1CCN(c3nc4ccccc4s3)CC1)c(C)n2C(=O)c1ccc(Cl)cc1,100,1,1,0.670192
Nc1cc(-c2ccccc2)c(O)c(-c2ccccc2)c1,COc1ccc2c(c1)c(CC(=O)O)c(C)n2C(=O)c1ccc(Cl)cc1,COc1ccc2c(c1)c(CC(=O)Nc1cc(-c3ccccc3)c(O)c(-c3ccccc3)c1)c(C)n2C(=O)c1ccc(Cl)cc1,85.8,1,1,0.55032176
C=C(C)C(=O)OC1CC(C)(C)NC(C)(C)C1,COc1ccc2c(c1)c(CC(=O)O)c(C)n2C(=O)c1ccc(Cl)cc1,C=C(C)C(=O)OC1CC(C)(C)N(C(=O)Cc2c(C)n(C(=O)c3ccc(Cl)cc3)c3ccc(OC)cc23)C(C)(C)C1,0,0,0,0.021077715
C1=Cc2ccccc2NCc2ccccc21,COc1ccc2c(c1)c(CC(=O)O)c(C)n2C(=O)c1ccc(Cl)cc1,COc1ccc2c(c1)c(CC(=O)N1Cc3ccccc3C=Cc3ccccc31)c(C)n2C(=O)c1ccc(Cl)cc1,0,0,0,0.19393894
Nc1ccccc1C(=O)Oc1ccc([N+](=O)[O-])cc1,COc1ccc2c(c1)c(CC(=O)O)c(C)n2C(=O)c1ccc(Cl)cc1,COc1ccc2c(c1)c(CC(=O)Nc1ccccc1C(=O)Oc1ccc([N+](=O)[O-])cc1)c(C)n2C(=O)c1ccc(Cl)cc1,0,0,0,0.14741631
Cc1onc(N)c1C,COc1ccc2c(c1)c(CC(=O)O)c(C)n2C(=O)c1ccc(Cl)cc1,COc1ccc2c(c1)c(CC(=O)Nc1noc(C)c1C)c(C)n2C(=O)c1ccc(Cl)cc1,0,0,0,0.18265848
Nc1ccccc1C#Cc1ccccc1,COc1ccc2c(c1)c(CC(=O)O)c(C)n2C(=O)c1ccc(Cl)cc1,COc1ccc2c(c1)c(CC(=O)Nc1ccccc1C#Cc1ccccc1)c(C)n2C(=O)c1ccc(Cl)cc1,28.8,1,0,0.36820313
CCOc1cc(N)c(Cl)cc1C(=O)NCC1CN(Cc2ccc(F)cc2)CCO1,COc1ccc2c(c1)c(CC(=O)O)c(C)n2C(=O)c1ccc(Cl)cc1,CCOc1cc(NC(=O)Cc2c(C)n(C(=O)c3ccc(Cl)cc3)c3ccc(OC)cc23)c(Cl)cc1C(=O)NCC1CN(Cc2ccc(F)cc2)CCO1,0,0,0,0.21256135
OC(c1ccccc1)(c1ccccc1)C1CCCN1,COc1ccc2c(c1)c(CC(=O)O)c(C)n2C(=O)c1ccc(Cl)cc1,COc1ccc2c(c1)c(CC(=O)N1CCCC1C(O)(c1ccccc1)c1ccccc1)c(C)n2C(=O)c1ccc(Cl)cc1,0,0,0,0.47802112
C1CCC(NC2CCCCC2)CC1,COc1ccc2c(c1)c(CC(=O)O)c(C)n2C(=O)c1ccc(Cl)cc1,COc1ccc2c(c1)c(CC(=O)N(C1CCCCC1)C1CCCCC1)c(C)n2C(=O)c1ccc(Cl)cc1,11.9,0,0,0.16676551
COc1cccc(Nc2ccccc2)c1,COc1ccc2c(c1)c(CC(=O)O)c(C)n2C(=O)c1ccc(Cl)cc1,COc1cccc(N(C(=O)Cc2c(C)n(C(=O)c3ccc(Cl)cc3)c3ccc(OC)cc23)c2ccccc2)c1,0,0,0,0.12059344
Clc1ccc2c(c1)CCc1cccnc1C2=C1CCNCC1,COc1ccc2c(c1)c(CC(=O)O)c(C)n2C(=O)c1ccc(Cl)cc1,COc1ccc2c(c1)c(CC(=O)N1CCC(=C3c4ccc(Cl)cc4CCc4cccnc43)CC1)c(C)n2C(=O)c1ccc(Cl)cc1,92.2,1,1,0.7427363
COc1cccc(C(N)=S)c1,COc1ccc2c(c1)c(CC(=O)O)c(C)n2C(=O)c1ccc(Cl)cc1,COc1cccc(C(=S)NC(=O)Cc2c(C)n(C(=O)c3ccc(Cl)cc3)c3ccc(OC)cc23)c1,0,0,0,0.13498391
CC(N)c1ccccc1Br,COc1ccc2c(c1)c(CC(=O)O)c(C)n2C(=O)c1ccc(Cl)cc1,COc1ccc2c(c1)c(CC(=O)NC(C)c1ccccc1Br)c(C)n2C(=O)c1ccc(Cl)cc1,73.41,1,1,0.6485887
Nc1c(F)c(F)c(-c2c(F)c(F)c(F)c(F)c2F)c(F)c1F,O=C(O)c1cc(=O)c2cc(Br)ccc2o1,O=C(Nc1c(F)c(F)c(-c2c(F)c(F)c(F)c(F)c2F)c(F)c1F)c1cc(=O)c2cc(Br)ccc2o1,0,0,0,0.099652745
OC(c1cc(C(F)(F)F)cc(C(F)(F)F)c1)(c1cc(C(F)(F)F)cc(C(F)(F)F)c1)C1CCCN1,O=C(O)c1cc(=O)c2cc(Br)ccc2o1,O=C(c1cc(=O)c2cc(Br)ccc2o1)N1CCCC1C(O)(c1cc(C(F)(F)F)cc(C(F)(F)F)c1)c1cc(C(F)(F)F)cc(C(F)(F)F)c1,7.8,0,0,0.3077937
CC(Oc1cc(Br)cnc1N)c1c(Cl)ccc(F)c1Cl,O=C(O)c1cc(=O)c2cc(Br)ccc2o1,CC(Oc1cc(Br)cnc1NC(=O)c1cc(=O)c2cc(Br)ccc2o1)c1c(Cl)ccc(F)c1Cl,0,0,0,0.1845375
CC(NC(C)c1ccccc1)c1ccccc1,O=C(O)c1cc(=O)c2cc(Br)ccc2o1,CC(c1ccccc1)N(C(=O)c1cc(=O)c2cc(Br)ccc2o1)C(C)c1ccccc1,0,0,0,0.3211817
Nc1ccccc1-c1nc2ccccc2[nH]1,O=C(O)c1cc(=O)c2cc(Br)ccc2o1,O=C(Nc1ccccc1-c1nc2ccccc2[nH]1)c1cc(=O)c2cc(Br)ccc2o1,12.68,0,1,0.5006405
NN(Cc1ccccc1)c1ccccc1,O=C(O)c1cc(=O)c2cc(Br)ccc2o1,O=C(NN(Cc1ccccc1)c1ccccc1)c1cc(=O)c2cc(Br)ccc2o1,11,0,0,0.4747962
c1ccc2sc(N3CCNCC3)nc2c1,O=C(O)c1cc(=O)c2cc(Br)ccc2o1,O=C(c1cc(=O)c2cc(Br)ccc2o1)N1CCN(c2nc3ccccc3s2)CC1,27.1,1,1,0.7367257
Nc1cc(-c2ccccc2)c(O)c(-c2ccccc2)c1,O=C(O)c1cc(=O)c2cc(Br)ccc2o1,O=C(Nc1cc(-c2ccccc2)c(O)c(-c2ccccc2)c1)c1cc(=O)c2cc(Br)ccc2o1,0,0,1,0.6059776
C=C(C)C(=O)OC1CC(C)(C)NC(C)(C)C1,O=C(O)c1cc(=O)c2cc(Br)ccc2o1,C=C(C)C(=O)OC1CC(C)(C)N(C(=O)c2cc(=O)c3cc(Br)ccc3o2)C(C)(C)C1,0,0,0,0.25605825
C1=Cc2ccccc2NCc2ccccc21,O=C(O)c1cc(=O)c2cc(Br)ccc2o1,O=C(c1cc(=O)c2cc(Br)ccc2o1)N1Cc2ccccc2C=Cc2ccccc21,0,0,0,0.27116472
Nc1ccccc1C(=O)Oc1ccc([N+](=O)[O-])cc1,O=C(O)c1cc(=O)c2cc(Br)ccc2o1,O=C(Nc1ccccc1C(=O)Oc1ccc([N+](=O)[O-])cc1)c1cc(=O)c2cc(Br)ccc2o1,0,0,0,0.2645533
Cc1onc(N)c1C,O=C(O)c1cc(=O)c2cc(Br)ccc2o1,Cc1onc(NC(=O)c2cc(=O)c3cc(Br)ccc3o2)c1C,0,0,0,0.24438967
Nc1ccccc1C#Cc1ccccc1,O=C(O)c1cc(=O)c2cc(Br)ccc2o1,O=C(Nc1ccccc1C#Cc1ccccc1)c1cc(=O)c2cc(Br)ccc2o1,0,0,0,0.35711464
CCOc1cc(N)c(Cl)cc1C(=O)NCC1CN(Cc2ccc(F)cc2)CCO1,O=C(O)c1cc(=O)c2cc(Br)ccc2o1,CCOc1cc(NC(=O)c2cc(=O)c3cc(Br)ccc3o2)c(Cl)cc1C(=O)NCC1CN(Cc2ccc(F)cc2)CCO1,0,0,0,0.12514882
OC(c1ccccc1)(c1ccccc1)C1CCCN1,O=C(O)c1cc(=O)c2cc(Br)ccc2o1,O=C(c1cc(=O)c2cc(Br)ccc2o1)N1CCCC1C(O)(c1ccccc1)c1ccccc1,36.2,1,0,0.40789002
C1CCC(NC2CCCCC2)CC1,O=C(O)c1cc(=O)c2cc(Br)ccc2o1,O=C(c1cc(=O)c2cc(Br)ccc2o1)N(C1CCCCC1)C1CCCCC1,0,0,0,0.31420273
COc1cccc(Nc2ccccc2)c1,O=C(O)c1cc(=O)c2cc(Br)ccc2o1,COc1cccc(N(C(=O)c2cc(=O)c3cc(Br)ccc3o2)c2ccccc2)c1,0,0,0,0.14759675
Clc1ccc2c(c1)CCc1cccnc1C2=C1CCNCC1,O=C(O)c1cc(=O)c2cc(Br)ccc2o1,O=C(c1cc(=O)c2cc(Br)ccc2o1)N1CCC(=C2c3ccc(Cl)cc3CCc3cccnc32)CC1,81.1,1,1,0.6576813
COc1cccc(C(N)=S)c1,O=C(O)c1cc(=O)c2cc(Br)ccc2o1,COc1cccc(C(=S)NC(=O)c2cc(=O)c3cc(Br)ccc3o2)c1,0,0,0,0.21542618
CC(N)c1ccccc1Br,O=C(O)c1cc(=O)c2cc(Br)ccc2o1,CC(NC(=O)c1cc(=O)c2cc(Br)ccc2o1)c1ccccc1Br,73,1,1,0.6375153
